SKU, µ≈Ã ˝¡ø,location
MG-K13-366-90-TAN,1,NA01027
MG-K13-366-90-CCL,10,NA01047
CG0987-S,1,NA02011
CA0177-ONESIZE,37,NC02036
CXA2VZ-S,4,NA02012
CWA1EP-L,4,NA02013
EOSILK003-TURQ,4,NA02013
CXA2VZ-L,4,NA02014
CXA563-M,1,NA02014
CJDL4857-M,52,NE05032
CNA3DS-M,1,NA02015
EOSILK003-NAVY,3,NA02016
CWA1EK-ONESIZE,64,NE05016
CDXR0425-ONESIZE,41,NA02017
CDZY2855-S,3,NA02017
CWA6ZC-S,0,NA02017
CYA12Z-XL,10,ND02053
CWA6ZD-S,14,NA02017
CWA6ZD-L,18,NA02017
CNA78E-S,1,NA02017
CAA1FL-L,1,NA02018
CAA1XM-S,4,NA02021
DRES0623B716R-M,2,NA02023
DRES0701B114G-L,5,NA02023
CAA4TP-S,1,NA02024
DRES0701B114G-XL,2,NA02025
NH0157-ONESIZE,1,NA02025
EXA8L6-ONESIZE,6,NA02025
CJ0691-ONESIZE,1,NA02026
CAA6PA-L,1,NA02031
CXA6ZA-L,1,NA02033
BAGS1021A138B-ONESIZE,9,NE04033
NXA29F-ONESIZE,1,NA02036
CGA0CD-L,1,NA02037
CGA10A-ONESIZE,1,NA02041
CG0416-ONESIZE,2,NA02042
CGA1KC-ONESIZE,1,NA02042
CXA2SE-XXL,1,NA02043
CWA5L8-L,2,NA02043
CXA2SQ-XXL,1,NA02044
JUMP0529B291C-M,1,NA02045
CAA6P8-M,1,NA02045
DRES0518B299G-L,26,NE05042
DRES1231A646C-XXL,4,NA02046
SA0549-ONESIZE,3,NA04028
JUMP0707B968X-S,1,NA02047
CJDL4195-ONESIZE,1,NA02048
CROP0707B990K-M,68,NB04038
CK0630-S,1,NA02051
DRES0429B184E-XL,1,NA02052
CNA2XX-S,1,NA02053
CNA2RZ-L,2,NA02053
CWA5L8-S,1,NA02054
CWA9Q8-S,15,NA02054
CGA1RG-L,3,NA02055
CWA9Q8-M,19,NA02056
CWA9Q8-L,17,NA02058
DRES0330B953C-L,1,NA02061
NX0453-ONESIZE,1,NA02062
CAA4VU-XXXL,8,NA02062
COAT0710B316G-L,1,NA02063
CXA6K0-L,5,NA02064
CAA6XW-M,1,NA02065
SHOR0525B521K-M,1,NA02067
CYA2JJ-ONESIZE,1,NA02068
CCA0P4-M,8,NA03011
EOSILK003-GRE,4,NA03011
CA0772-M,2,NA03012
CYA2P6-ONESIZE,2,NA03012
CHAAVZ-M,1,NA03012
CYA1B0-ONESIZE,1,NA03013
CAA4VU-XXL,4,NA03013
CWA7M4-M,7,NA03013
CXA28S-M,1,NA03014
CXA2VZ-M,4,NA03014
CXA3C9-L,1,NA03015
EOPOLY001-BUR,3,NA03015
TSHI0727B598K-S,5,NA03016
TSHI0727B598K-XL,4,NA03016
PYA22A-M,1,NA03016
BXA31G-ONESIZE,3,NA03017
CXA4KD-L,1,NA03017
EOPOLY001-BLK,4,NA03017
CAA4UD-S,1,NA03018
VEST0408B027W-ONESIZE,1014,NC05058
DRES1231A036K-L,4,NA03022
CXA6KD-S,1,NA03024
CAA66M-L,4,NA03025
DRES1231A036K-XL,5,NA03026
CXA3BM-XL,1,NA03026
CCXZ0603-L,1,NA03027
CDPY0061-L,1,NA03027
CC0073-M,2,NA03027
CG1005-M,4,NA03031
CGA0Z4-M,46,NA03031
CGA0Z5-L,27,NA03031
CJ0589-XL,1,NA03032
CYA2P4-ONESIZE,1,NA03032
CJDL4857-S,21,NE05033
CYA37W-M,1,NA03033
CHAAVJ-XL,26,NA03034
CKYY0256-XL,1,NA03035
PW0078-12,3,NA03035
CWA35C-L,4,NA03036
CW0037-6,12,NA03036
JUMP0623B455C-S,1,NA03041
CGA1RG-M,2,NA03041
CYA7ED-ONESIZE,1,NA03042
CXAAFE-S,1,NA03043
CWA6ZD-M,15,NA02017
CYAA1J-M,2,NA03044
CC0972-XL,0,NA02034
DRES0603B735K-XL,1,NA03045
CYA53E-XXL,2,NA03045
PWA7MD-S,1,NA02046
JUMP0702B779X-M,1,NA03047
LEGG100814J003-ONESIZE,10,NA03048
DRES0803B100W-4,1,NA03048
NTA5HY-ONESIZE,1,NA03048
HXA1S4-ONESIZE,4,NA03051
HXA598-ONESIZE,4,NA03051
NX0336-ONESIZE,6,NA03052
PAA0V9-L,3,NA03052
HXA59W-ONESIZE,4,NA03052
PWA357-S,13,NA03053
JUMP0623B455C-M,1,NA03054
CXA0LF-XL,3,NA03054
NXA1VX-ONESIZE,5,NA03054
NXA29E-ONESIZE,1,NA03054
PC0708-XL,1,NA03055
CW0037-4,13,NA03055
CXA17M-S,1,NA03056
CWAC4J-S,5,NA03061
CWAC4J-M,5,NA03062
CWAC4J-L,5,NA03063
CWAC4J-XL,5,NA03064
CWAC4H-S,5,NA03065
CWAC4H-M,4,NA03066
XXA8L5-ONESIZE,4,NA03067
PYA8NF-L,1,NA03067
CWAC4H-L,5,NA03067
CWAC4H-XL,5,NA03068
CA0636-L,3,NA04011
CAA0KL-XL,3,NA04011
CAA0UY-XL,1,NA04011
CAA15H-XL,1,NA04011
EOCOTT002-WHT,5,NA04011
CAA1X2-L,1,NA04012
CAA4WY-M,1,NA04012
CAA54T-M,1,NA04012
CCA0P4-S,2,NA04013
CAA661-L,2,NA04013
CGA0Z4-L,17,NA04014
CGA1DD-M,3,NA04015
CWA7M4-S,3,NA04016
CAA9QF-S,1,NA04016
EOSILK003-WHT,4,NA04016
CWA5L9-L,2,NA04017
PWAA5U-12,10,NA04018
CXA3L0-M,1,NA04022
CXA60F-L,2,NA04022
CXA7F8-S,0,NA02047
HXA1RK-ONESIZE,4,NA04025
HXA1RL-ONESIZE,4,NA04025
CYA53E-XXXL,4,NA04025
HXA1SB-ONESIZE,4,NA04026
PG0466-ONESIZE,4,NA04027
SCAR1204A491D-ONESIZE,9,NA04028
TSHI1027A128A-S,6,NA04028
VEST0627B523A-M,4,NA04028
CXA6K0-M,7,NA02051
CYA53E-XXXXL,8,NA04031
CYA53E-XL,3,NA04032
CWA35C-M,4,NA04033
CWA35C-S,5,NA04034
DRES0630B724X-M,1,NA04036
XAA941-ONESIZE,3,NA04037
CAA15C-M,1,NA04038
CNA2RY-S,3,NA03033
CCWC4660-L,2,NA04042
CCWC4659-M,3,NA04042
CJ0583-XL,1,NA04043
CGA14D-S,1,NA04043
CGA13V-S,2,NA04043
CPA6TC-XXL,1,NA04044
NTA56U-ONESIZE,1,NA04045
CXA2DX-ONESIZE,1,NA04046
SHOR0601B710K-S,1,NA04047
CYA454-XL,1,NA04047
CYA49T-M,1,NA04047
VEST0625B361K-ONESIZE,1,NA04048
SCAR1204A487D-ONESIZE,9,NA04051
SOCK0525B005T-ONESIZE,1,NA04052
CCA7BV-M,1,NA04052
CCA7CK-8,5,NA04053
CCA7CN-XXL,3,NA04053
DRES0619B442C-ONESIZE,1,NA03045
CAA2TB-L,5,NA04054
CZA77H-ONESIZE,4,NA04054
CZA77T-ONESIZE,1,NA04055
CA0636-M,1,NA04056
CYA30W-ONESIZE,1,NA04056
CZA784-L,1,NA04056
PWAA5U-10,10,NA04058
CCA7CK-10,7,NA04061
CCA7CK-12,9,NA04062
CCA7CQ-6,6,NA04063
CCA7CQ-8,11,NA04064
CCA7CQ-10,10,NA04065
CZA77M-6,21,NA04066
CZA77M-10,19,NA04067
CGA13V-L,9,NA05011
CAA3AA-S,1,NA05011
CGA13V-XXL,7,NA05012
CXA6KC-M,10,NA05012
CGA13V-XL,9,NA05013
MXA3WW-ONESIZE,5,NA05013
CA0293-ONESIZE,1,NA05014
CGA13V-M,7,NA05014
MXA3WT-ONESIZE,5,NA05014
CCA7CR-S,4,NA05014
CAA157-M,1,NA05015
CXA6KC-S,10,NA05015
CAA2AX-S,1,NA05016
MXA3WU-ONESIZE,5,NA05016
VEST0424B103G-S,1,NA05017
CAA3H3-S,3,NA05017
MXA3WV-ONESIZE,5,NA05017
MXA3WQ-ONESIZE,5,NA05018
MXA3WR-ONESIZE,5,NA05018
MXA3WS-ONESIZE,5,NA05018
NXA76U-ONESIZE,3,NA05018
PWA7MD-M,4,NA05021
CG0984-XL,1,NA05022
CG1003-M,1,NA05022
CSABJ9-S,6,NA05023
CSABU2-S,10,NA05023
DRES0715B912A-ONESIZE,271,NA03046
CAA8RJ-M,5,NA05024
CSABJ9-M,6,NA05024
CPA5Z4-XL,1,NA05025
CXA0FZ-L,1,NA05026
CXA31Q-L,1,NA05026
CXA3L0-L,3,NA05027
CYA5RE-XL,1,NA05027
CXA4RT-ONESIZE,1,NA05028
NX0342-ONESIZE,1,NA05031
CJ0733-ONESIZE,2,NA05031
NXA3BC-ONESIZE,4,NA05031
NTA6H4-ONESIZE,1,NA05031
CJ0320-L,1,NA05032
CYA2Q8-S,1,NA05032
NXA6BK-ONESIZE,1,NA05032
CY0026-M,2,NA05033
CXA28S-S,1,NA05036
PNA6V3-M,2,NA05036
XAA942-ONESIZE,4,NA05037
NECK0313B689H-ONESIZE,1,NA05041
DRES0410B951K-M,1,NA05041
BA0844-ONESIZE,2,NA05041
CSZY4010-ONESIZE,1,NA05042
HATS1015A022H-ONESIZE,1,NA05042
DRES0429B163K-S,18,NA05042
BK0183-ONESIZE,1,NA05042
CYA6PS-ONESIZE,5,NA05044
CSXZ0237-S,4,NA05046
CY0026-L,3,NA05046
SKIR0619B446C-ONESIZE,1,NA05047
VEST0617B118K-L,1,NA05051
CAA159-S,1,NA05051
CNA36P-XL,1,NA05051
CGA13W-XL,6,NA05052
CC0336-L,1,NA05052
SDA0TC-38,1,NA05052
PYA2P1-S,2,NA05052
CKZY2819-M,1,NA05053
CL060478-ONESIZE,1,NA05053
JUMP0429B180E-XL,1,NA05053
SWIM0508B235X-M,1,NA05053
CG0110-XL,1,NA05053
CWA9QC-S,7,NA05054
CWA9QC-M,7,NA05055
CAAAQ4-ONESIZE,4,NA05055
CWA9Q7-S,5,NA05056
CWA9QC-L,8,NA05056
CCWC4659-L,4,NA04041
CROP0717B460J-ONESIZE,3,NA05057
CWA9PY-S,7,NA05057
CWA9Q7-M,5,NA05057
CSABU2-M,9,NA05024
CWA7N2-M,1,NA05058
CWA9PY-M,7,NA05058
CWA9Q7-L,4,NA05058
CWA9PZ-L,10,NA05061
CAAAPD-M,0,NA05062
CX0170-M,1,NA05062
CWA7M9-L,1,NA05062
CWA9PZ-S,10,NA05062
NH0001-ONESIZE,1,NA05063
CWA9PZ-M,10,NA05063
CSXF2301-M,1,NA05064
CSABJ9-L,6,NA05065
CSABU2-L,10,NA05065
CSABJ9-XL,6,NA05066
CSABU2-XL,10,NA05066
TSHI0707B680B-XL,1,NA05067
EARR0709B052H-ONESIZE,3,NA05067
PAA2CN-M,1,NA05068
NXA6BL-ONESIZE,3,NA05068
BHA6X4-ONESIZE,1,NA05068
CAA3U2-L,2,NA06011
CXA71X-S,4,NA06012
DRES0504B143G-M,1,NA06013
CAA7LW-M,1,NA06013
CWAAFQ-ONESIZE,5,NA06014
NXA6BD-ONESIZE,4,NA06015
CXA71X-M,5,NA06016
CWA5L7-M,0,NA05057
DRES0328B863G-S,1,NA06017
CWA9PJ-S,26,NA06017
CXAA7N-ONESIZE,0,NA06018
CX0745-S,1,NA06018
CYA525-L,1,NA06018
CPA6TU-L,1,NA06018
CXAAF0-XXL,1,NA06018
CSADNV-ONESIZE,3,NA06021
CXA1MX-L,1,NA06023
JUMP0707B968X-M,3,NA06025
EX0034-ONESIZE,1,NA06025
CWA9PY-L,8,NA06031
XAA8K5-ONESIZE,4,NA06032
CGA23W-ONESIZE,1,NA06033
CXA71X-L,5,NA06034
CYAA1J-L,1,NA06034
DRES0701B114G-M,2,NA06035
NX0451-ONESIZE,3,NA06036
CXA6K0-S,8,NA06036
CXA71X-XXL,4,NA06036
CYACCU-ONESIZE,20,NA06036
PAA8CK-L,1,NA06037
HEAD0722B368X-ONESIZE,3,NA06038
CXA71X-XL,4,NA06038
CSABU3-S,5,NA06041
CQABHL-S,0,NA06042
CSABU3-M,5,NA06042
CSABU3-L,4,NA06043
CFABXP-S,1,NA06044
CSABU3-XL,5,NA06044
JEWC4470-ONESIZE,36,NB02037
CSABJA-S,5,NA06045
CFABXN-S,1,NA06045
XAA944-ONESIZE,4,NA06046
CSABJA-M,5,NA06046
CWA7N3-XL,5,NA06047
CSABJA-L,5,NA06047
CSABJA-XL,5,NA06048
NX0450-ONESIZE,4,NA06051
CAA1X2-S,1,NB03012
CAAAH3-L,1,NA06051
DRES0706B950K-S,3,NB03032
SCAR1204A485D-ONESIZE,8,NB04028
CWA1ZM-XL,0,NB04034
CAA3H2-S,2,NB04048
PWA7MD-L,4,NA06053
CJ0633-L,1,NB04065
CPA6Y8-ONESIZE,49,NB06045
CW0050-6,17,NC03051
CXA7UK-S,1,NA06061
CYAC81-S,20,NA06061
CXAAMC-L,2,NA06062
CYAC81-M,20,NA06062
CYAC81-L,20,NA06063
PYA8NG-L,1,NA06063
CYA8MC-L,1,NA06064
CYAAAL-M,1,NA06066
VEST0731B094W-M,6,NC04014
NX0457-ONESIZE,4,NA06068
NXA3B2-ONESIZE,1,NA06068
AHPC0170-ONESIZE,3,NB01021
BLOU0715B377J-M,1,NB01021
AT040969-ONESIZE,2,NB01022
CW0027-6,9,NB01022
CWA358-S,5,NB01022
BAGS0430B132C-ONESIZE,9,NB01023
BLOU0715B373J-S,1,NB01023
CW0027-10,9,NB01023
BAGS0430B614B-ONESIZE,9,NB01024
CW0027-8,10,NB01024
CWA358-L,1,NB01024
CW0043-4,15,NB01025
CW0043-6,17,NB01026
SKIR1213A856K-L,4,NB01027
TSHI0429B109C-M,1,NB01028
SKIR06028B357X-M,1,NB01028
BLOU0630B738X-XL,1,NB01028
CA0084-S,1,NB01028
CCA0NX-ONESIZE,5,NB01028
DRES0702B173J-L,1,NB01041
DRES0707B262J-M,1,NB01041
CA0483-M,4,NB01041
DRES0707B262J-L,1,NB01042
CA0274-M,1,NB01042
CK0700-M,1,NB01042
CKYY0256-L,4,NB01043
DRES0707B262J-XL,1,NB01043
CA0287-ONESIZE,1,NB01043
CAA01C-XL,5,NB01044
CAA15D-XL,2,NB01044
CAA15J-XL,1,NB01044
SKIR0724B709G-L,5,NB01045
CA0714-M,1,NB01045
SKIR1213A856K-S,4,NB01046
CAA39P-ONESIZE,2,NB01047
CA0483-L,4,NB01048
CAA0US-ONESIZE,1,NB01061
CAA1X8-S,4,NB01061
CAA158-L,3,NB01062
CAA1X9-L,1,NB01062
CA0770-M,1,NB01063
CAA0FR-L,2,NB01063
CXA2F0-M,1,NB01063
CA0770-XL,3,NB01064
CAA156-XL,1,NB01064
CAA2TB-M,4,NB01064
CA0494-M,1,NB01065
DRES0717B086W-6,4,NB01065
CA0770-XXL,2,NB01065
CAA3FE-ONESIZE,1,NB01065
CAA3H3-XL,1,NB01065
CC0142-L,1,NB01066
CAA466-ONESIZE,2,NB01066
CWA497-8,6,NB01066
CA0704-L,2,NB01067
CAA2TX-XL,1,NB01067
CAA3FS-S,5,NB01067
BLOU1024A135D-S,2,NB01068
CA0770-L,2,NB01068
CAA3FV-S,2,NB01068
CWA35D-ONESIZE,29,NB02011
CJ0628-L,1,NB02012
CAA01P-S,1,NB02012
CJ0675-ONESIZE,1,NB02013
CW0076-6,2,NB02013
CSABU4-XL,5,NB02014
BLOU1106A274B-XL,1,NB02015
BLOU0518B297G-L,1,NB02015
BLOU0630B739X-S,3,NB02015
BLOU0730B611X-M,1,NB02015
CA0090-M,5,NB02015
NX0335-ONESIZE,10,NB02016
CG0908-XL,21,NB02016
CC0547-ONESIZE,1,NB02017
CNA3YP-XL,6,NB02017
CG0924-M,1,NB02018
CAA01R-L,4,NB02018
CAA1LC-M,1,NB02018
CAA1X8-L,2,NB02018
CAA1XN-S,1,NB02018
CKDL3781-ONESIZE,1,NB02021
CWA3D1-S,2,NB02021
CWA5L7-S,2,NB02022
CWA9PJ-L,29,NB02022
CWA1EP-M,1,NB02023
CSABU4-L,5,NB02024
PY0087-L,9,NB02025
CW0043-8,15,NB02026
QA0243-ONESIZE,4,NB02027
CYA1HP-S,2,NB02027
CWA359-S,3,NB02028
NX0624-ONESIZE,6,NB02031
CGA1C4-S,2,NB02031
PAA0V9-S,2,NB02032
CGA0Z3-XL,19,NB02033
HAA1V7-ONESIZE,1,NB02033
PAA3GL-ONESIZE,4,NB02033
CGA0Z5-M,32,NB02034
HXA1S5-ONESIZE,4,NB02034
CXA2F0-S,1,NB02034
CGA0Z5-S,44,NB02035
HXA1S8-ONESIZE,3,NB02035
HXA599-ONESIZE,1,NB02036
CGA0Z6-M,39,NB02036
JUMP0423B280A-S,11,NC05014
CGA0Z6-XL,20,NB02037
CA0636-XL,1,NB02038
CA0824-S,1,NB02038
CAA01R-M,4,NB02038
CAA0DX-M,2,NB02038
CYA386-S,1,NB02038
PYA2A0-XL,13,NB02041
CJ0587-XL,1,NB02042
PYA2A0-L,15,NB02042
CW0042-10,4,NB02043
CWA359-L,3,NB02044
CJ0633-S,2,NB02045
CJ0612-XL,1,NB02045
CAA3U2-XL,1,NB02045
PANT0513B077X-ONESIZE,4,NE06061
CAA5UU-M,1,NB02045
CWA359-M,5,NB02046
CXA4SE-S,1,NB02046
CJ0445-S,2,NB02047
CWA9Q6-S,10,NB02048
CJ0668-S,1,NB02051
CAA3FW-S,8,NB02051
CK0439-S,5,NB02052
CC0592-M,1,NB02053
CGA146-M,1,NB02053
CAA3FS-M,1,NB02053
CW0071-6,10,NC05044
CAA3FT-M,4,NB02054
PK0466-L,41,NB02054
CCWC4438-M,3,NB02055
CAA4UE-M,8,NB02055
NXA76T-ONESIZE,3,NA06051
CYA29H-M,17,NB02056
CAA3FT-XL,10,NB02056
CK0320-S,1,NB02057
CGA0Z5-XL,45,NB02057
CAA3FV-L,2,NB02057
CGA0Z6-L,31,NB02058
CGA1RG-XL,2,NB02058
CAA3FW-L,8,NB02058
CW0108-12,1,NB02061
PY0087-XL,2,NB02062
CW0007-8,3,NB02063
CAA9L4-L,1,NB02064
CHAAVZ-XL,1,NB02064
CA0819-M,6,NC06038
CFABXQ-L,4,NB02064
CSABU4-M,5,NB02064
CW0037-10,14,NB02065
CJ0611-XXL,1,NB02066
CSABU4-S,4,NB02066
CW0095-12,9,NB02067
CW0108-10,1,NB02068
CWA7LY-S,1,NB02068
COAT1103A156A-S,1,NB03011
CA0086-L,1,NC07032
CW0119-10,1,NB03012
BLOU0730B604X-M,2,NB03013
CX0675-XXL,1,NB03013
CAA1YJ-XL,1,NB03013
AHWC4622-ONESIZE,4,NB03015
BLOU1111A006P-L,4,NB03015
CA0360-ONESIZE,1,NB03015
PWA357-L,3,NB03015
DRES0717B086W-8,5,NB03016
CXA0PQ-L,1,NB03016
MXA00Z-ONESIZE,2,NB03017
CSABU1-S,9,NB03018
CYA3JF-S,1,NB03021
CXA5GG-S,2,NB03021
CAA65W-ONESIZE,1,NB03021
CYA0JY-M,1,NB03022
MAA188-ONESIZE,2,NB03022
QA0253-ONESIZE,9,NB03023
PYA1T8-S,2,NB03023
CSPY0542-M,5,NB03024
CR0406-S,5,NB03025
CW0123-8,2,NB03026
CWA5H2-ONESIZE,12,NB03027
CK0559-L,2,NB03028
CGA0Z4-XL,41,NB03028
CGA146-L,1,NB03028
CYA1HN-M,3,NB03031
CSPY0001-XL,2,ND01025
CGA0H5-XXL,1,NB03032
CYA1HN-S,1,NB03032
CYA1HP-L,5,NB03032
DRES0625B053J-S,1,NB03033
DRES0402B020Q-S,1,NB03034
HOOD0626B027G-S,1,NB03034
CG0898-ONESIZE,2,NB03035
CWA9Q6-M,10,NB03036
CYA1HN-L,4,NB03038
CXA4JM-L,1,NB03038
CSABU1-M,10,NB03041
CSABU1-L,10,NB03043
QX0734-ONESIZE,9,NB03044
CAA3FW-XL,6,NB03045
CK0439-L,4,NB03046
CGA13L-M,5,NB03046
PYA3HY-XXL,1,NB03046
EX0035-ONESIZE,3,NB03047
EXA29A-ONESIZE,3,NB03047
SWEA1021A123B-S,1,NB03048
QX0731-ONESIZE,7,NB03048
HAA18L-ONESIZE,4,NB03051
DRES0702B735A-L,1,NB03052
DRES0727B481X-XL,1,NB03052
HOOD0121B518G-M,4,NB03053
DRES0706B769A-M,1,NB03053
CC0641-ONESIZE,4,NB03053
HXA1RN-ONESIZE,4,NB03054
CXA28S-L,2,NB03055
CXA2T2-ONESIZE,3,NB03055
CXA2WA-ONESIZE,1,NB03055
JUMP0318B724K-M,1,NB03056
DRESS0604B387A-L,1,NB03056
CGA13M-M,3,NB03056
JUMP0612B472A-M,1,NB03057
NAA943-ONESIZE,3,NB03058
CK0121-M,2,NB03061
CJ0445-L,4,NB03062
CGA1CR-L,1,NB03062
PXA1F3-L,4,NB03062
NTA56M-ONESIZE,1,NB03063
PY0087-M,1,NB03064
JUMP0610B942K-L,1,NB03066
PK0270-S,1,NB03066
PW0137-S,4,NB03066
CK031528-XS,4,NB03067
JUMP0629B429K-S,3,NB03067
SKIR1118A483G-L,1,NB04011
CWA5H1-ONESIZE,4,NB04013
HAA3TV-ONESIZE,4,NB04014
SWIM0508B317X-L,3,NB04015
QA0252-ONESIZE,2,NB04016
CNA4EB-XL,1,NB04017
CWA61M-L,13,NB04017
SHOR0417B033W-M,3,NB04018
CWA354-S,7,NB04021
CJ0041-L,1,NB04022
CWA354-M,8,NB04022
CWA354-L,8,NB04023
CWA354-XL,9,NB04024
CNA2YE-L,1,NB04025
TSHI0615B077K-ONESZIE,1,NB04025
TWOP0701B754X-M,1,NB04026
TSHI0505B262E-ONESIZE,1,NB04027
TWOP0412B254A-M,0,ND05016
CGA13W-M,3,NB04028
CA0705-M,2,NB04031
CWA1ZM-M,6,NB04031
CWA2NM-S,4,NB04031
CAA0DX-XL,1,NB04032
CWA1ZM-S,4,NB04032
CWA2NM-M,3,NB04032
CCZY2225-XL,5,NB04032
CWA1ZM-L,4,NB04033
SKIR0428B063W-S,18,ND05026
CAA15U-XL,1,NB04034
CAA39Z-ONESIZE,1,NB04034
CAA1V0-S,1,NB04035
HXA1RX-ONESIZE,2,NB04036
CXA00R-XL,3,NB04038
CYA21K-S,2,NB04038
CX0523-L,1,ND07052
HXA1RV-ONESIZE,3,NB04041
PYA1T9-M,3,NB04042
AHPC0171-ONESIZE,14,NB04043
QA0249-ONESIZE,7,NB04043
CA0636-S,2,NB04043
CAA3FS-XL,1,NB04044
DRES0717B087W-8,3,NB04045
CAA54D-ONESIZE,1,NB04045
CXA0LF-M,1,NB04047
CYA2KP-M,3,NB04047
CDZY4429-S,9,NE01028
QX0735-ONESIZE,4,NB04048
CXA3X9-M,1,NB04048
COAT100814C021-S,10,NB04051
CWA35E-S,9,NB04051
CWA35G-S,4,NB04051
DRES0526B509R-L,1,NB04052
CA0361-ONESIZE,2,NB04052
CW0081-8,4,NB04052
CWA35E-M,9,NB04052
CWA35G-M,4,NB04052
CA0487-S,1,NB04053
CKJJ0859-L,26,NE01041
CWA35E-L,10,NB04053
CWA35G-L,5,NB04053
CWA35E-XL,10,NB04054
CDZY4383-XL,17,NB04055
CAA1YJ-S,1,NB04055
CAA25M-L,1,NB04055
CW0054-4,2,NB04056
CAA39T-ONESIZE,1,NB04058
CC0462-ONESIZE,1,NB04058
PYA027-M,1,NB04058
CAA3A1-ONESIZE,2,NB04058
CGA0Z4-S,71,NB04061
CGA0CY-S,1,NB04061
CXA6JV-S,4,NB04061
CWA779-ONESIZE,25,NB04061
CGA1KR-ONESIZE,2,NB04062
CGA1QR-L,1,NB04062
CG1178-L,1,NB04063
CGA24A-ONESIZE,1,NB04063
CGA13R-XL,3,NB04064
CYA49P-S,1,NB04064
CG0253-L,25,NE01063
CAA53M-M,1,NB04065
CAA5DC-L,1,NB04065
CJ0725-ONESIZE,4,NB04066
CK031528-L,2,NB04066
EARR0709B044H-ONESIZE,9,NB04067
CKA1UT-XXL,1,NB04067
CNA2RV-L,4,NB04068
CNA2RY-M,4,NB04068
GKA3M1-ONESIZE,1,NB04068
GKA3M2-ONESIZE,1,NB04068
CROP0422B275A-ONESIZE,9,NB05011
CX0670-M,4,NB05012
CXA4KJ-XL,3,NB05013
CXA1LY-L,1,NB05014
CPA6Y9-L,9,NB05014
CAA1LC-S,1,NB05015
CXA2T7-ONESIZE,1,NB05015
CPA6Y9-M,9,NB05016
PWAA5U-8,10,NB05017
CWA9Q6-L,10,NB05018
DRES0720B481J-M,4,NB05021
HOOD1110A362E-M,3,NB05022
PW0114-6,5,NB05022
QA0246-ONESIZE,6,NB05024
QX0726-ONESIZE,8,NB05024
PZ0073-ONESIZE,1,NB05024
TSHI1010A053C-M,9,NB05025
QX0728-ONESIZE,8,NB05025
QX0727-ONESIZE,7,NB05025
TSHI0715B180X-XL,1,NB05026
TSHI0715B407J-M,9,NB05026
QX0733-ONESIZE,9,NB05026
CYA3HK-M,1,NB05026
BLOU0730B602X-L,2,NB05027
CA0403-ONESIZE,8,NB05027
CA0770-S,1,NB05027
CAA01X-M,4,NB05027
CAA4UD-L,7,NB05028
CAA5CX-XXL,1,NB05028
CYAAEQ-L,1,NB05031
CC0793-S,1,NB05032
CAAA50-M,0,NB05033
CSABU1-XL,10,NB05033
CAA2X6-ONESIZE,1,NB05034
DRES0316B002W-L,3,NB05035
EX0038-ONESIZE,9,NB05036
CX0663-S,3,NB05037
CGA1C4-L,1,NB05037
CKA2D0-M,4,NB05037
CCA0NU-ONESIZE,2,NB05038
JUMP0623B455C-L,1,NB05041
CXA2F0-L,4,NB05041
PGA0BY-XL,1,NB05042
CXA2BY-M,3,NB05042
PNA2RA-M,2,NB05042
CSABJC-S,9,NB05043
CW0067-10,1,NB05044
PWAA5U-6,10,NB05045
PXA1F3-M,4,NB05046
PWA357-XL,1,NB05047
TSHI1010A053C-L,9,NB05048
HXA1SE-ONESIZE,4,NB05048
CYA29H-S,6,NB05052
CKZY4830-M,10,NB05053
DRES1231A646C-S,9,NB05053
CNA3YR-L,2,NB05053
HOOD0104B655C-M,4,NB05054
DRES1231A646C-M,10,NB05054
DRES0112B164K-S,1,NB05054
CYA53D-M,2,NB05054
DRES1231A646C-L,8,NB05055
TSHI0715B407J-S,9,NB05055
CYA53D-L,1,NB05055
DRES1231A646C-XL,8,NB05056
BLOU0518B297G-M,1,NB05056
BLOU0518B297G-XL,1,NB05056
CC0912-L,1,NB05057
DRES0630B711A-XL,4,NB05058
DRES0720B578C-M,2,NB05058
HXA59T-ONESIZE,1,NB05058
CWA498-8,7,NB05061
PWA7N0-L,2,NB05061
CK0604-XL,1,NB05062
CWA499-12,4,NB05062
CXA2MM-ONESIZE,1,NB05063
CXA2T1-ONESIZE,3,NB05063
CXA320-M,1,NB05064
CXA3XJ-L,1,NB05064
CYA111-XL,1,NB05065
CXA4K6-ONESIZE,1,NB05065
CXA4K7-ONESIZE,1,NB05065
CW0027-4,9,NB05066
CBZY1201-S,1,NB05067
CX0660-L,2,NB05067
CW0043-10,1,NB05067
CYA2PL-ONESIZE,1,NB06011
CYA3JB-ONESIZE,1,NB06012
HEAD0722B359X-ONESIZE,5,NB06013
CSABJC-M,10,NB06013
NX0611-ONESIZE,9,NB06014
PG1166-M,1,NB06015
PAA2B2-M,2,NB06015
BLOU0730B612X-XXL,1,NB06017
PWA357-M,10,NB06017
TSHI0715B407J-L,1,NB06018
CKA2D0-S,5,NB06018
CKA2D0-L,5,NB06018
AHPC0167-ONESIZE,19,NB06021
BLOU0605B843K-ONESIZE,4,NB06021
CAA01P-L,1,NB06021
CA0273-XL,1,NB06022
CAA1YP-XXL,1,NB06023
CNA3DW-L,1,NB06024
CGA0Z3-M,23,NB06025
CAA25M-M,4,NB06025
CAA2B4-XL,1,NB06025
PAA0V9-M,4,NB06026
CAA2TX-XXL,1,NB06026
CC0593-S,8,NB06027
CAA2XA-ONESIZE,1,NB06027
CWA9PH-M,30,NB06031
CC0790-S,1,NB06033
CAA15B-L,2,NB06033
CGA22Z-M,0,NB06034
CGA1QS-M,1,NB06034
CAA3FT-L,7,NB06034
CAA4VW-XL,1,NB06034
CSABJC-L,10,NB06035
CK0439-XL,4,NB06036
CJ0760-XXL,1,NB06036
CWA1EP-S,2,NB06038
CWA497-6,8,NB06038
CWA497-10,6,NB06038
CWA498-10,10,NB06038
CWA498-12,11,NB06038
CWA498-6,14,NB06041
CWA499-6,6,NB06041
CWA499-8,45,NB06041
CWA499-10,39,NB06041
CXA259-S,1,NB06042
CXA2BX-M,1,NB06043
CJ0711-ONESIZE,3,NB06044
CXA2EG-XL,1,NB06044
CKZY4831-L,40,NE01064
CK0565-M,3,NB06045
HOOD1110A362E-S,3,NB06046
CYA1HP-M,3,NB06046
CPA6Y9-S,11,NB06046
CYA30A-ONESIZE,1,NB06047
CYA386-L,1,NB06047
CJ0632-XL,1,NB06048
HOOD1110A361E-S,1,NB06051
DRES0803B098W-4,8,NB06051
CPA6Y7-ONESIZE,10,NB06052
PYA2A0-S,3,NB06053
QX0729-ONESIZE,6,NB06054
PYA3HZ-XXL,1,NB06054
CYAA1K-M,1,NB06056
CSZY2682-L,1,NB06057
CROP0707B990K-XL,16,NB06057
CA0487-XXL,1,NB06057
CAA0KJ-XL,1,NB06058
CAA15B-M,2,NB06058
CAA3FW-M,5,NB06058
CAA3M6-ONESIZE,2,NB06058
CC0051-M,1,NB06061
CWA612-ONESIZE,14,NB06062
CXA6K0-XL,12,NB06064
CJ0769-M,1,NB06064
CC0727-M,1,NB06065
CPXF2255-XL,10,NB06066
CNA2RV-S,1,NB06067
CXA31Z-XL,1,NB06068
CXA4JS-L,1,NB07011
CPA6XZ-ONESIZE,1,NB07012
PNA2R7-M,1,NB07013
DRES0707B257J-L,1,NB07014
PYA3J0-XXL,1,NB07014
DRES0707B257J-M,1,NB07015
CAA0FR-XL,2,NB07015
CAA1Z4-S,1,NB07016
HXA1RQ-ONESIZE,7,NB07017
PAA546-28,2,NB07017
CGA0HQ-M,1,NB07018
QXA2E8-ONESIZE,18,NB07018
COAT1103A001P-L,48,NE01067
SKIR0323B041Z-S,61,NB07032
CWA9PH-L,30,NB07033
CAA5CC-S,1,NB07035
PW0137-XS,4,NB07036
SKIR0724B709G-S,3,NB07037
CA0006-L,1,NB07037
QX0723-ONESIZE,7,NB07037
CAA158-M,2,NB07037
CWA9PJ-M,30,NB07052
CGA0Z6-S,25,NB07053
CPA6Y2-ONESIZE,43,NB07053
CK0439-M,5,NB07055
CAA2TW-XL,1,NB07055
CPA6Y4-ONESIZE,1,NB07055
CG0451-L,1,NB07056
CAA2XB-ONESIZE,4,NB07056
CPA6Y5-ONESIZE,15,NB07057
CPA6Y6-ONESIZE,4,NB07058
DRES0706B904X-L,1,NC01021
DRES0712B880A-S,27,NC01021
DRES0720B478J-XXL,3,NC01021
CW0117-ONESIZE,18,NC01022
CSPY0884-L,102,NE02016
PA0782-L,3,NC01023
CA0236-ONESIZE,8,NC01023
PJ0385-ONESIZE,1,NC01024
PX0777-M,2,NC01025
SHOR0610B442A-L,4,NC01026
CW0095-10,9,NC01026
SKIR0706B929K-S,5,NC01027
CW0122-6,10,NC01027
CW0122-8,10,NC01028
CW0008-6,17,NC01041
PCAABF-S,31,NC01042
VEST0416B584B-XS,1,NC01042
CTYP0797-ONESIZE,149,NE05011
CA0235-ONESIZE,13,NC01045
SKIR1213A847K-ONESIZE,1,NC01046
TWOP0420B068K-XXL,1,NC01046
CK0490-XL,8,NC01046
CK0558-XL,1,NC01046
PCAABF-L,21,NC01046
BLOU0730B612X-L,1,NC01047
CK0679-XL,1,NC01047
CK0303-XL,1,NC01048
CAA0FE-ONESIZE,3,NC01048
CWA2BV-ONESIZE,15,NC01048
DRES0319B222A-XL,9,NC01061
BLOU1229A638C-L,1,NC01061
TSHI0428B100C-L,1,NC01061
BLOU0605B789K-ONESIZE,2,NC01061
DRES0625B086J-M,5,NC01061
CDYY1035-L,1,NC01062
CSPY0597-M,1,NC01062
JUMP0318B725K-L,1,NC01062
DRES0320B733K-S,1,NC01062
DRES0625B086J-S,5,NC01062
SKIR0410B962G-XL,1,NC01063
TSHI0428B103C-M,1,NC01063
VEST0605B652G-S,1,NC01063
DRES0607B408A-L,1,NC01064
DRES0619B439C-M,1,NC01064
DRES0803B099W-4,2,NC01064
CAA15A-S,3,NC01064
CCPY0989-S,1,NC01065
CDZY2440-S,10,NC01065
CDZY2440-M,14,NC01066
CW0122-10,12,NC01067
DRES0408B024W-L,17,NC01068
CROP0422B270A-ONESIZE,2,NC01068
CROP0422B269A-ONESIZE,8,NC01068
CW0122-12,10,NC01068
CG1175-M,2,NC02011
CG1174-M,2,NC02011
CC024715-L,10,NC02012
CXA00J-XL,5,NC02012
JUMP0506B166G-S,40,NE05022
TWOP0607B420A-XL,3,NC02013
VEST0313B752K-ONESIZE,8,NC02014
CA0694-ONESIZE,2,NC02014
TSHI0421B103E-ONESIZE,1,NC02015
SKIR0522B213Z-S,3,NE02064
CFABXN-L,2,NC02016
CC0301-ONESIZE,8,NC02017
DRES0415B044E-XL,1,NC02018
CW0095-8,8,NC02018
CW0091-6,57,NC02021
CW0093-6,16,NC02021
CW0091-8,25,NC02022
CW0093-8,17,NC02022
CW0093-10,17,NC02023
CW0091-10,55,NC02023
CA0819-L,7,NC02024
CW0093-12,16,NC02024
NECK0603B381X-ONESIZE,5,NC01023
CFABXP-M,3,NC02025
CFABXP-L,2,NC02025
CFABXN-M,2,NC02025
CW0023-10,3,NC02028
BLOU0713B136X-L,2,NC02032
BLOU0723B526K-ONESIZE,2,NC02032
CA0333-ONESIZE,3,NC02032
CW0019-10,1,NC02035
CA0235-L,1,NC02036
CW0113-8,1,NE03014
CA0332-ONESIZE,1,NC02037
CA0331-ONESIZE,2,NC02037
CW0095-6,9,NC02037
CXA00J-L,5,NC02037
CKZY4830-S,2,NC02038
CG0253-XL,38,NC02041
CKDL3781-S,7,NC02042
CA0407-ONESIZE,1,NC02042
CDYY1035-S,2,NC02044
CW0050-4,15,NC02044
DRES1009A002G-M,24,NC02045
CG0786-M,10,NC02045
CG0786-S,12,NC02046
CG0786-XL,1,NC02046
CXA00J-M,4,NC02046
CYA7Z7-L,0,NC02047
CSZY4748-L,15,NC02051
BLOU1113A331D-M,1,NC02051
CW0039-8,10,NC02052
CRYY0130-XL,1,NC02053
CCWC4670-M,1,NC02053
PA0472-M,3,NC02053
HOOD1208A707E-XL,1,NC02054
DRES0321B790G-M,1,NC02054
BLOU0513B093X-ONESIZE,1,NC02054
CW0039-10,9,NC02054
SHOE0610B075H-35,1,NC02055
EX0057-ONESIZE,9,NC02055
SWIM0508B323X-M,1,NC02056
CW0039-12,9,NC02056
NECK0624B640H-ONESIZE,1,NC02057
CVZY3032-L,1,NC02058
CW0040-8,10,NC02058
PW0048-10,18,NC02061
BLOU0320B772G-L,24,NC02062
CW0040-10,9,NC02062
CW0004-6,2,NC02063
PW0048-12,19,NC02063
BLOU0320B772G-M,32,NC02064
CW0040-12,10,NC02064
PW0048-6,20,NC02066
CW0044-8,2,NC02067
CW0004-10,9,NC02067
BLOU0610B738G-S,1,NC02068
BLOU0610B738G-L,3,NC02068
PW0048-8,20,NC02068
DRES0706B950K-L,4,NC03011
DRES0715B185X-L,1,NC03011
CG0932-M,3,NC03012
CAA0FQ-M,3,NC03012
CBZY1201-M,1,NC03013
DRES0615B050K-XL,1,NC03013
PA0472-L,4,NC03013
CAA0FQ-S,3,NC03013
CAA1XE-M,1,NC03013
CAA1XF-S,4,NC03013
CK0139-XXL,1,NC03014
PX0646-XL,4,NC03014
CC0751-S,1,NC03014
CAA0KL-M,1,NC03014
DRES0319B222A-XXL,4,NC03015
SKIR0712B869A-M,1,NC03016
CC0278-ONESIZE,5,NC03016
CC0922-M,1,NC03016
CG1000-ONESIZE,4,NC03017
PK0466-M,47,NC03018
CY0037-M,1,NC03018
PW0049-6,20,NC03021
PW0049-8,18,NC03022
BLOU0320B772G-XXL,48,NC03022
BLOU0320B772G-XL,41,NC03023
PW0049-10,20,NC03023
PW0049-12,20,NC03024
PW0005-4,4,NC03024
CYA49P-L,1,NC03024
PW0005-6,6,NC03025
DRES0803B098W-6,9,NC03025
HATS1103A164H-ONESIZE,1,NC03026
DRES0708B809A-L,1,NC03026
JUMP0423B280A-M,15,NC03027
CW0050-12,16,NC03028
CROP0422B277A-ONESIZE,3,NC03031
CJ0548-ONESIZE,1,NC03031
CJ0615-L,1,NC03031
CW0050-8,17,NC03032
CTGP0018-M,2,NC03033
CJ0621-M,1,NC03034
TWOP0122B209A-XL,20,NE03021
CSPY0558-L,5,NC03035
CCPC0140-S,3,NC03035
CJ0649-ONESIZE,2,NC03035
CCPC0140-L,5,NC03036
CDZY2440-L,12,NE03033
DRES0306B515B-XXL,1,NC03036
CW0050-10,19,NC03037
DRES0427B148K-ONESIZE,4,NC03038
DRES0407B020W-L,3,NC03038
CHDL2700-L,5,NC03041
BAGS0611B449A-ONESIZE,1,NC03041
JUMP0609B440X-XL,4,NC03041
PW0005-8,4,NC03042
SKIR0416B106P-ONESIZE,15,NC03043
SWIM0514B228C-L,1,NC03044
CA0086-S,3,NC03044
TSHI0529B633K-ONESIZE,1,NC03045
TSHI0529B631K-ONESIZE,4,NC03045
CA0086-M,1,NC03045
TWOP0529B296C-L,1,NC03046
SWEA0722B545J-ONESIZE,3,NC03046
CA0086-XL,2,NC03046
CW0080-10,1,NC03046
DRES0506B209K-S,2,NC03047
SKIR0416B106P-XL,6,NC03047
CW0059-6,1,NC03047
DRES0506B209K-M,2,NC03048
DRES0513B219G-XL,6,NE03043
DRES0429B163K-M,38,NC03051
CW0098-6,6,NC03052
DRES0506B309A-S,12,NC03053
SKIR0323B041Z-M,164,NE03061
CW0098-8,10,NC03054
DRES0506B310A-M,7,NC03055
DRES0506B309A-XL,13,NC03055
CW0098-10,1,NC03056
DRES0515B247G-S,2,NC03057
DRES0525B519K-XL,1,NC03057
DRES0612B465A-L,81,NE03062
CAA0KF-XL,1,NE05037
CW0098-12,5,NC03058
JHWC4585-ONESIZE,10,NC03061
BLOU1220A929K-M,2,NC03061
CHSY0179-S,4,NC03062
CDZY4591-M,9,NC03062
DRES06028B355X-L,1,NC03063
DRES06028B354X-XL,1,NC03063
CJ0320-S,1,NC03063
DRES0803B101W-6,14,NC03064
SKIR0624B319K-M,0,NC03065
DRES0603B755K-M,1,NC03065
CAA0F5-L,0,NE05043
DRES0702B172J-XXL,1,NC03066
DRES0803B101W-8,4,NC03066
CDZY3189-L,3,NC04011
VEST0731B094W-S,1,NC04011
CW0097-6,19,NC04011
LEGG100814J002-ONESIZE,8,NC04012
TWOP0426B298A-S,1,NC04013
CW0097-8,17,NC04013
SKIR0527B586K-XL,4,NE05067
DRES1015A077A-L,7,NC04014
SWIM0508B046X-S,3,NC04014
VEST0416B584B-M,1,NC04015
CW0069-10,16,NC04015
CW0072-10,44,NC04015
CW0097-10,27,NC04015
CDZY3189-M,1,NC04016
CW0072-12,43,NC04016
DRES0729B089W-S,2,NC04018
BLOU0731B090W-ONESIZE,25,NC04021
CSXZ0097-M,2,NC04022
DRES0727B088W-S,10,NC04023
DRES0727B088W-M,5,NC04024
DRES0727B088W-L,9,NC04025
DRES0727B088W-XL,10,NC04026
AGWC4191-ONESIZE,1,NC04027
DRES0511B246K-M,17,NC04028
CWA15X-ONESIZE,67,NC04031
CJ051121-ONESIZE,1,NC04032
DRES0609B442X-L,5,NC04032
DRES0612B468A-M,4,NC04032
DRES0629B707A-L,3,NC04033
BLOU0320B774G-M,1,NC04033
DRES0612B465A-XL,43,NC04034
DRES0708B808A-L,1,NC04034
JUMP0506B166G-XL,0,NE06013
BLAZ0309B819C-S,1,NC04035
DRES1030A207C-S,1,NC04036
JUMP0603B757K-L,2,NC04037
DRES0702B173J-XXL,1,NC04037
DRES0712B880A-L,18,NC04041
PK0466-S,29,NC04041
PW0078-4,2,NC04041
JUMP0603B757K-XL,2,NC04042
CW0084-6,2,NC04042
PW0078-8,10,NC04042
CW0084-8,6,NC04043
CG1175-L,2,NC04043
CG1174-L,2,NC04043
CGPY0001-M,1,NC04044
SKIR0624B319K-XL,9,NC04044
CW0083-4,3,NC04044
CX0760-L,2,NC04044
SWIM0601B364A-M,1,NC04045
CW0083-6,5,NC04045
TSHI0323B896C-M,1,NC04046
SWIM0706B956K-L,2,NC04046
DRES0720B280X-L,1,NC04046
CW0083-8,5,NC04046
CXA00J-S,1,NC04046
CGA0CR-XL,1,NC04046
TSHI0720B287X-XL,1,NC04047
DRES0720B280X-XL,1,NC04047
VEST0717B079W-XL,35,NC04048
BLOU0602B069W-ONESIZE,2,NC04052
CSZY4372-M,7,NC04053
DRES0511B246K-S,16,NC04054
TSHI0407B018W-ONESIZE,18,NC04056
JUMP0424B071C-L,1,NC04056
TSHI1118A371C-S,1,NC04058
TSHI1118A371C-L,1,NC04058
CX0024-S,1,NC04061
CX0321-ONESIZE,1,NC04061
COAT1108A389K-XXXXL,1,NC04062
CROP0616B487A-M,3,NC04062
CROP0616B487A-S,1,NC04063
EX0051-ONESIZE,3,NC04065
CDWC4070-L,9,NC04066
CTGP0019-S,2,NC04067
DRES0703B078W-S,7,NC04067
DRES0703B078W-M,7,NC04067
CTGP0020-S,4,NC04068
CTGP0020-L,1,NC04068
TSHI0124B589K-XL,2,NC05011
CX0679-XL,1,NC05011
BAGS0430B001T-ONESIZE,17,NC05012
CA0176-ONESIZE,69,NE06014
DRES0601B682K-XXL,0,NE06017
CHDL2700-M,10,NC05014
JUMP0417B041K-S,1,NC05014
JUMP0423B280A-XL,18,NC05014
CW0008-10,14,NC05015
CSZY4453-M,1,NC05016
CX0313-S,1,NC05016
EX0056-ONESIZE,2,NC05017
CW0092-8,3,NC05018
MSTS0408B112Z-M,78,NC05021
SWIM0508B313X-M,1,NE07034
DRES0713B087X-S,2,NC05021
DRES1030A207C-XL,1,NC05022
SHOR0302B629K-S,1,NC05022
CX0651-ONESIZE,1,NC05023
PW0114-4,2,NC05023
VEST0410B969K-M,1,NE07055
SKIR0513B142X-ONESIZE,0,NC05024
JUMP0713B120X-M,2,NC05024
SHOR0318B713K-XL,1,NC05025
SKIR0624B316K-M,0,NC05026
SKIR0624B317K-M,0,NC05026
SKIR0624B316K-XL,22,NC05026
SWEA0721B737R-ONESIZE,2,NC05027
AGWC4190-ONESIZE,8,NC05028
CKDL3781-M,6,NC05028
CJ0615-XL,1,NC05028
CW0012-4,1,NC05031
CW0120-8,5,NC05032
CW0120-10,5,NC05032
CW0012-8,9,NC05033
EOCOTT002-BLU,5,NA02011
CW0092-12,5,NC05035
CW0092-10,19,NC05035
CW0120-6,5,NC05036
DRES0525B507K-XL,1,NC05037
CA0015-M,1,NC05037
CA0080-S,2,NC05037
CXA00V-ONESIZE,1,NC05037
CAA1X8-M,1,NC05037
TSHI0518B352G-M,1,NC05038
CK0490-S,10,NC05038
CX0523-S,1,NC05038
CTXF2555-ONESIZE,20,NC05041
DRES0511B246K-XL,16,NC05042
DRES0629B707A-S,1,NC05043
DRES0712B863A-L,1,NC05043
EOSILK003-RS,4,NA02014
HEAD1202A475C-ONESIZE,3,NC05044
SHOR0610B442A-M,4,NC05045
CW0071-8,14,NC05045
HAA1V5-ONESIZE,4,NC05045
SWIM0706B956K-XL,1,NC05046
CW0071-10,15,NC05046
PW0066-12,17,NC05047
CW0071-12,10,NC05047
PAA25H-ONESIZE,1,NC05047
TWOP0422B077K-M,0,NC05052
CW0090-8,7,NC05052
CJ0059-L,2,NC05053
CW0090-6,2,NC05053
CJ0059-M,1,NC05054
CW0120-12,4,NC05054
TWOP0607B389A-S,1,NC05055
SWIM0709B057X-S,1,NC05055
CJ0059-S,1,NC05055
TWOP0607B390A-L,1,NC05056
SHOR0318B713K-S,1,NC05057
TWOP0607B390A-XL,4,NC05057
VEST0313B753K-ONESIZE,19,NC05058
CWA6ZC-M,2,NA02017
DRES1016A001P-M,13,NC05061
DRES1016A001P-L,19,NC05062
CA0234-M,5,NC05063
CK0799-ONESIZE,22,NC05063
DRES0415B044E-L,1,NC05064
DRES0612B467A-S,1,NC05065
DRES0803B096W-4,12,NC05065
CK0020-XL,1,NC05066
DRES0803B096W-6,18,NC05066
DRES0803B096W-8,10,NC05067
CX0763-S,1,NC05068
CCWC4670-L,7,NC06011
PW0055-6,19,NC06011
PW0066-4,2,NC06011
PW0055-8,10,NC06013
PW0066-6,1,NC06013
PW0055-4,9,NC06015
DRES1030A207C-M,1,NC06017
JUMP0708B194G-S,1,NC06018
CW0038-8,4,NC06018
NXA67J-ONESIZE,3,NA03018
CW0097-12,8,NC06021
SWEA0722B543J-ONESIZE,1,NC06022
CW0084-10,4,NC06022
TWOP0429B160K-L,1,NC06023
CW0037-8,8,NC06023
CDDL3097-L,3,NC06024
CA0234-XL,1,NC06024
CC0096-M,1,NC06025
CC0519-S,1,NC06025
CWA1EL-ONESIZE,9,NC06025
CJ0213-ONESIZE,2,NC06026
CJ0325-M,1,NC06026
CW0104-8,10,NC06026
CJ0347-ONESIZE,1,NC06027
CK0490-L,4,NC06027
CW0015-M,0,NC06028
CW0059-8,3,NC06031
DRES0601B316C-M,0,NC06032
CW0059-10,5,NC06032
DRES0715B500G-M,1,NC06033
DRES0727B600K-L,8,NC06033
CW0059-12,3,NC06033
PW0053-4,2,NC06033
DRES0727B600K-M,4,NC06034
CA0301-S,6,NC06034
CXA00S-XL,3,NC06034
CKZY4008-M,1,NC06035
PK0522-M,1,NC06035
CJ0443-M,1,NC06035
CJ0760-XXXL,3,NC06035
CXA55B-L,3,NC06036
CA0485-XXL,2,NC06037
NXA76P-ONESIZE,2,NA04024
CW0013-10,4,NC06038
TSHI0722B421K-M,1,NC06041
CW0083-10,2,NC06041
CDZY4364-M,1,NC06042
CG0908-L,17,NC06042
PYA1T9-S,2,NC06042
CW0104-12,6,NC06043
CW0104-10,8,NC06045
PANT0525B513K-L,1,NC06046
CW0001-6,13,NC06048
CW0001-8,15,NC06051
CW0001-10,17,NC06051
CW0001-12,14,NC06052
PW0053-6,2,NC06052
PW0053-8,1,NC06053
PW0053-10,9,NC06053
PW0041-6,9,NC06054
PW0041-8,2,NC06054
CW0025-6,10,NC06056
CW0051-8,5,NC06056
CW0015-S,0,NC06057
CKSM0433-XS,4,NC06057
CW0025-8,6,NC06057
CW0051-10,7,NC06057
CW0025-10,6,NC06058
CW0051-12,5,NC06058
CW0068-8,4,NC06061
PW0055-10,20,NC06062
PW0066-8,4,NC06062
CW0040-6,4,NA05057
SKIR0726B068A-M,1,NC06063
CW0068-10,15,NC06063
PW0055-12,9,NC06064
TWOP0426B298A-M,1,NC06065
CW0068-12,12,NC06065
CSABJC-XL,10,NC06066
DRES0702B175J-XL,1,NC06067
CW0025-12,8,NC07011
PW0005-10,8,NC07012
CW0003-6,10,NC07013
PW0005-12,8,NC07013
DRES0803B099W-6,4,NC07013
VEST0717B080W-XL,19,NC07014
CW0003-8,10,NC07014
CW0003-10,9,NC07015
BAGS0430B005T-ONESIZE,19,NC07016
CW0003-12,10,NC07016
CW0002-6,9,NC07016
CW0002-8,8,NC07017
SKIR0323B011W-M,4,NC07018
CW0002-10,10,NC07018
BLOU0715B376J-XL,1,NC07031
CW0002-12,8,NC07031
CAA9CW-S,1,NA06016
CW0104-6,9,NC07032
CC0511-M,1,NC07033
CC0674-L,2,NC07034
DRES0702B735A-M,1,NC07036
CK0679-M,4,NC07037
CXA0GG-L,1,NC07037
CRYP0880-XL,1,NC07038
DRES0522B210Z-XL,1,NC07051
CW0072-6,1,NC07051
CW0069-8,8,NC07052
CW0072-8,11,NC07052
DRES0803B100W-6,8,NC07052
CSPY0558-S,9,NC07053
CKZY4830-L,5,NC07053
DRES0625B086J-XL,2,NC07053
DRES0712B880A-M,11,NC07053
CYABT1-ONESIZE,31,NA06044
DRES0609B442X-XL,2,NC07057
DRES0629B701A-S,4,NC07057
CR0406-M,3,NC07058
SKIR1118A477E-L,74,ND01021
CXA0G1-ONESIZE,1,ND01022
CS110104-M,44,ND01023
CS110104-S,10,ND01023
CPXF2255-M,24,ND01024
CAA7KS-S,1,NA06051
CS110104-L,58,ND01025
CAA15D-M,2,ND01027
DRES0417B018P-L,1,ND01041
DRES0506B209K-L,2,ND01041
DRES0515B300E-XXL,1,ND01042
DRES0402B024Q-L,1,ND01043
DRES0404B901K-M,2,ND01043
TSHI0602B088R-ONESIZE,1,ND01043
CK0139-M,2,ND01043
CAA01C-M,4,ND01043
DRES0618B155K-XL,1,ND01044
DRES0703B077W-L,6,ND01046
DRES715B448J-S,1,ND01046
HEAD1231A503B-ONESIZE,18,ND01047
CXA259-XXL,1,ND01048
CXA2MJ-M,1,ND01048
JHWC4001-ONESIZE,18,ND01062
CDZY4591-S,5,ND01062
BLOU0407B022W-S,1,ND01062
CQABH4-S,1,NA06051
CYA86E-L,1,NA06052
JUMP0629B420K-L,3,ND01063
PW0089-L,1,ND01063
CDZY4591-L,1,ND01064
CDZY4591-XL,4,ND01064
TWOP0611B072W-XL,7,ND01065
DRES1016A001P-XL,16,ND01066
BLAZ0309B820C-S,1,ND01066
TWOP0429B161K-M,1,ND01067
VEST0628B544A-ONESIZE,7,ND01067
CKWC4650-M,1,ND01068
VEST0701B758X-XL,1,ND01068
DRES0122B213A-XL,18,ND01068
BLOU0529B627K-ONESIZE,0,ND02012
CJ0756-XL,1,ND02014
CGZW0001-M,2,ND02015
CGZW0001-L,1,ND02015
CJDL4857-L,35,ND02016
DRESS0013-L,8,ND02017
DRESS0013-XL,3,ND02017
SWEA0106B027P-M,1,ND02018
VEST0421B268A-XL,38,ND02018
JUMP0521B467K-XL,5,ND02018
SHOE0522B633B-39,1,ND02021
SWIM0601B364A-L,3,ND02021
SKIR0624B317K-S,4,ND02021
CTGP0012-L,2,ND02022
JUMP0521B467K-M,3,ND02023
JUMP0521B467K-L,1,ND02023
BLOU1220A929K-L,1,ND02025
PW0077-10,4,ND02025
SKIR0323B011W-S,9,ND02026
SKIR0624B318K-XL,8,ND02026
DRES715B449J-XXL,1,ND02026
SWEA0209B089P-L,1,ND02028
SWEA0209B089P-S,1,ND02028
DRES0706B900X-M,3,ND02028
CTGP0018-L,12,ND02031
DRES0409B029W-M,3,ND02031
JEWC4010-ONESIZE,18,ND02032
DRES0429B184E-S,1,ND02033
CYA1TZ-XXL,2,ND02033
HOOD0109B045P-M,13,ND02034
CQABH5-S,1,NA06052
COAT1103A001P-M,40,ND02035
HOOD0109B045P-L,9,ND02035
PW0077-4,7,ND02036
CW0111-6,3,ND02036
CW0033-10,4,ND02036
TSHI1104A321K-XL,1,ND02037
TSHI0513B228G-ONESIZE,1,ND02037
JUMP0608B899K-L,1,ND02041
VEST0717B080W-L,3,ND02043
VEST0717B079W-S,1,ND02043
VEST0717B079W-M,2,ND02043
VEST0717B079W-L,22,ND02044
CCWC4341-M,2,ND02045
BLOU1220A929K-XL,3,ND02045
PW0077-8,1,ND02045
CW0033-8,1,ND02045
CG0546-XL,1,ND02046
CW0008-8,20,ND02046
CA0036-ONESIZE,9,ND02047
DRES0601B696K-S,1,ND02051
CXA1EU-S,1,ND02051
DRES715B448J-M,4,ND02052
CK0020-XXL,1,ND02052
DRES1231A036K-M,10,ND02053
PCAABF-M,42,NC01044
CKSM0034-M,1,ND02054
CXA014-XL,1,ND02055
CW0008-4,19,ND02056
CHZY4362-27,1,ND02057
CCZY2062-M,1,ND02057
CC0379-ONESIZE,1,ND02057
CA0338-L,2,ND02057
CYA9NQ-S,1,NA06053
DRES0306B515B-M,3,ND02058
DRES715B446J-S,3,ND02058
SCAR0731B091W-ONESIZE,5,ND02061
JUMP0412B263A-M,1,ND02061
JUMP0603B464G-L,1,ND02061
CGA0Z3-S,2,ND02062
DRES0408B024W-S,12,ND02063
SHOR0610B443A-L,1,ND02063
SHOR0610B441A-M,1,ND02063
CC0786-M,1,ND02063
CDZY3189-S,1,ND02064
CHYP0757-S,1,ND02064
HOOD0104B655C-S,5,ND02064
SHOR0112B178K-S,1,ND02064
JUMP0612B472A-S,2,ND02064
CROP0702B517C-ONESIZE,1,ND02064
DRES0408B024W-M,12,ND02065
CW0111-8,6,ND02065
CW0033-4,5,ND02065
DRES0713B087X-M,3,ND02066
EX0033-ONESIZE,2,ND02068
SKIR0513B140X-ONESIZE,0,ND03011
TWOP0701B754X-XL,1,ND03012
CJ0647-ONESIZE,1,ND03012
CHYY0516-M,5,ND03013
CSPY0558-M,13,ND03014
CHYY0516-S,6,ND03014
JUMP0427B144K-S,4,ND03014
JUMP0519B199Z-XL,1,ND03015
JUMP0519B199Z-M,3,ND03015
JUMP0504B119G-S,5,ND03015
JUMP0504B119G-M,6,ND03015
SHOR0302B630K-XL,4,ND03016
BLOU100914F044-S,2,ND03018
BLOU100914F044-XXL,1,ND03018
BLOU0409B099P-L,1,ND03021
CK0679-L,1,ND03022
BLOU100914F045-XL,5,ND03023
BLOU100914F045-XXL,3,ND03023
CSZY4633-XXL,1,ND03024
ABZY0616-ONESIZE,8,ND03025
ABZY4318-ONESIZE,28,ND03025
RING0121B619H-ONESIZE,4,ND03025
BLOU0525B264C-S,1,ND03026
BLOU1120A512G-S,12,ND03027
BLOU1025A001P-XS,5,ND03027
CGZW0001-S,7,ND03028
TSHI0416B102P-L,15,ND03031
TSHI0416B102P-M,17,ND03032
CROP0128B077P-L,3,ND03033
CGA0C7-M,1,ND03033
CAA2AW-M,4,ND03033
CSZY0844-L,2,ND03034
CTWC3781-M,1,ND03034
DQLZ0107-XL,1,ND03035
SKIR0520B422K-S,1,ND03035
BAGS0601B333X-ONESIZE,2,ND03035
DRES0424B104G-XL,0,ND03036
DRES0417B058G-M,1,ND03036
DRES0706B901X-M,29,ND03036
DRES0515B247G-M,1,ND03037
DRES0706B950K-M,4,ND03037
CAA1X9-M,1,ND03037
DRES0525B519K-M,1,ND03038
DRES0525B519K-L,1,ND03038
DRES0601B437G-L,1,ND03038
CAA1X2-M,3,ND03038
TSHI0416B103P-S,3,ND03041
CXAB0A-XL,1,NA06057
TSHI0416B102P-XL,4,ND03042
DRES0607B415A-XL,4,ND03043
DRES0625B371K-ONESIZE,97,ND03044
DRES0630B720A-XL,1,ND03044
COAT1020A095E-M,5,ND03045
DRES0715B522G-XL,37,ND03045
CA0007-L,1,ND03045
CJ0183-XL,1,ND03045
CW0111-10,9,ND03045
CAA01N-L,1,ND03045
HOOD0402B016Q-ONESIZE,1,ND03046
CA0489-XL,1,ND03046
CW0111-12,10,ND03046
CA0819-XL,12,ND03046
JUMP0412B262A-S,1,ND03047
CJ0443-L,5,ND03047
CAA01C-S,5,ND03047
CAA0FQ-XL,20,ND03047
CCWC4438-L,2,ND03048
CA0780-S,1,ND03048
CAA15C-XXL,1,ND03048
CSZY2272-M,1,ND03051
BLOU0325B822G-M,1,ND03051
TWOP0529B296C-S,1,ND03051
CROP0426B130K-ONESIZE,3,ND03052
SCAR0731B092W-ONESIZE,3,ND03052
SHOR0610B441A-S,1,ND03054
SKIR0513B141X-ONESIZE,0,ND03055
SKIR0309B718K-ONESIZE,0,ND03055
SKIR0323B011W-L,1,ND03055
SKIR0520B392K-ONESIZE,1,ND03055
SKIR0520B396K-ONESIZE,2,ND03056
SKIR0603B727K-S,1,ND03056
SWEA0106B027P-L,4,ND03057
CCWC4643-L,26,ND03061
PFABV4-S,1,NA06057
JUMP0316B003W-L,1,ND03062
SKIR0605B070W-L,4,ND03062
SKIR0605B070W-XL,11,ND03062
TSHI0518B315K-M,1,ND03063
TSHI0518B315K-XL,4,ND03064
VEST0515B296K-S,2,ND03065
DRES0323B759K-S,5,ND03066
DRES0520B364G-L,1,ND03067
DRES1215A007P-S,3,ND03068
DRES0330B836K-XXL,5,ND03068
DRES1009A002G-L,17,ND04011
ANKL0504B012X-ONESIZE,6,ND04011
CAA0DX-S,1,ND04011
VEST0701B758X-L,1,ND04012
DRES715B447J-XXL,1,ND04012
CGA0Z3-L,26,ND04012
SKIR0323B748K-ONESIZE,10,ND04013
SKIR0605B070W-M,7,ND04013
HOOD1022A104D-ONESIZE,4,ND04014
TSHI0415B019K-ONESIZE,5,ND04015
VEST0421B268A-L,19,ND04016
VEST0513B118X-ONESIZE,1,ND04017
VEST0522B377G-L,1,ND04018
VEST0522B377G-XL,1,ND04018
CHAAVG-S,1,ND04021
DRES715B446J-XXL,1,ND04022
CYA2KP-L,2,ND04022
VEST0628B545A-ONESIZE,1,ND04023
HXA1S2-ONESIZE,4,ND04023
HXA5A1-ONESIZE,4,ND04023
TWOP0423B283A-XL,1,ND04024
JUMP0707B968X-L,2,ND04024
MXA55S-ONESIZE,2,ND04024
HXA5A8-ONESIZE,2,ND04024
CSYP0725-L,2,ND04025
CPZY2683-L,2,ND04026
TSHI1010A052C-XXXL,4,ND04026
CAA4TP-XL,1,NB02045
CXAA67-XL,1,ND04027
CTGP0025-M,6,ND04028
CTGP0025-L,21,ND04028
DRES0428B051W-L,5,ND04028
CDXF2237-L,1,ND04031
BLOU0513B137X-ONESIZE,5,ND04031
DRES0513B337A-XXL,1,ND04032
DRES0602B066R-L,4,ND04032
DRES0428B051W-M,5,ND04033
CAA3FT-S,10,NB02055
CPZY2683-XXL,12,ND04035
CRZY4493-S,1,ND04035
CSZY4635-XXL,1,ND04035
CX0179-XXL,1,ND04037
DRES0513B264K-XL,1,ND04038
DRES0513B262K-M,1,ND04038
CX0310-L,3,ND04038
DRES0618B501A-S,1,ND04041
DRES0702B174J-S,1,ND04042
CVZY4031-XXL,1,ND04043
CSZY4452-S,1,ND04043
DRESS0013-M,4,ND04043
JUMP0316B003W-S,2,ND04044
BLOU0409B567B-XL,1,ND04045
JUMP0410B966K-S,4,ND04045
JUMP0427B144K-M,2,ND04046
CK0476-XXXXXL,1,ND04046
CK0629-L,1,ND04046
SHOR0610B443A-M,1,ND04048
EARR0709B039H-ONESIZE,1,ND04048
CDPY0992-S,1,ND04052
SKIR0309B717K-ONESIZE,0,ND04053
CWA7M9-M,5,ND04053
CAAA53-M,0,ND04054
CWA7M9-S,4,ND04054
BLOU0715B369J-XL,1,ND04055
TSHI0421B090E-ONESIZE,41,ND04056
JEWC4011-ONESIZE,19,ND04057
BLOU0628B562A-ONESIZE,1,ND04057
CC0380-ONESIZE,2,ND04057
VEST0518B356G-M,1,ND04058
VEST0518B356G-L,1,ND04058
SOCK0525B004T-ONESIZE,21,ND04061
AHZY0775-ONESIZE,2,ND04061
JNWC4061-ONESIZE,1,ND04061
JNWC3996-ONESIZE,1,ND04061
JNWC3995-ONESIZE,2,ND04061
JHWC4145-ONESIZE,1,ND04061
AGPY0001-ONESIZE,2,ND04061
CLSM2135-ONESIZE,1,ND04061
JEWC3430-ONESIZE,1,ND04061
JNWC3308-ONESIZE,1,ND04061
JNWC3301-ONESIZE,1,ND04061
JNZY1492-ONESIZE,2,ND04061
AGZY0889-ONESIZE,3,ND04061
AGZY0187-ONESIZE,1,ND04061
AGDL0004-ONESIZE,1,ND04061
AGDL0002-ONESIZE,1,ND04061
AGMX0024-ONESIZE,1,ND04061
JNWC4465-ONESIZE,3,ND04061
JHWC4583-ONESIZE,1,ND04061
AB060392-ONESIZE,1,ND04061
AB060391-ONESIZE,1,ND04061
SUNG1013A046L-ONESIZE,1,ND04061
NECK1011A020L-ONESIZE,1,ND04061
NECK1114A259H-ONESIZE,1,ND04061
NECK1114A258H-ONESIZE,2,ND04061
BRAC1114A265H-ONESIZE,1,ND04061
BRAC1114A264H-ONESIZE,2,ND04061
NECK1121A380H-ONESIZE,1,ND04061
RING1225A496B-ONESIZE,2,ND04061
RING1225A495B-ONESIZE,1,ND04061
BRAC1222A482B-ONESIZE,1,ND04061
BAGS0410B573B-ONESIZE,1,ND04061
ANKL0504B019X-ONESIZE,2,ND04061
ANKL0504B015X-ONESIZE,1,ND04061
NECK0603B384X-ONESIZE,2,ND04061
NECK0703B872X-ONESIZE,1,ND04061
TWOP0611B072W-S,13,ND04062
SKIR1020A106A-S,3,ND04064
CAA1XA-S,1,ND04064
CVYP0090-ONESIZE,5,ND04065
DRES1009A002G-S,15,ND04066
AHPC0174-ONESIZE,14,ND04066
CK0433-M,1,ND04066
JUMP0304B649E-M,3,ND04067
JUMP0311B743K-S,2,ND04068
JUMP0515B317E-L,3,ND04068
JUMP0515B317E-S,5,ND04068
JUMP0515B317E-M,4,ND04068
DRES0706B922X-S,4,NC05021
AHZY2047-ONESIZE,3,ND05011
DRES0629B701A-M,3,ND05011
CDWC4070-XL,8,ND05012
TSHI0415B053E-L,1,ND05013
TSHI1010A052C-XXL,32,ND05014
TSHI0420B100Z-ONESIZE,46,ND05014
TSHI1027A126A-L,1,ND05015
TSHI1201A633G-XXL,1,ND05015
CHAAVJ-S,1,NB02064
CA0483-S,5,NB04053
DRES0508B224K-XXL,25,ND05016
TWOP0426B300A-XL,1,ND05017
CDXF2596-L,5,ND05021
DRES0428B060W-S,3,ND05021
CGPY0003-L,1,ND05022
DRES0625B086J-L,3,ND05022
CROP0426B129K-ONESIZE,4,ND05023
CROP0707B990K-L,57,NB07032
BLOU1015A071E-S,4,ND05026
BLOU1120A512G-XXL,7,ND05026
SKIR0428B063W-M,30,ND05026
SKIR0624B318K-S,6,NC02012
CDXF2596-XL,4,ND05031
CAA9D6-L,1,NC02016
CX0220-S,2,ND05032
CJ0629-XL,3,ND05032
SHOR0610B442A-XL,4,ND05034
CX0220-M,2,ND05034
CJ0613-XL,1,ND05034
DRES0331B238A-M,1,ND05035
CDYY1035-M,1,ND05036
DRES0402B023Q-M,1,ND05036
PW0009-8,5,ND05036
PW0006-6,25,ND05036
DRES0420B056K-L,1,ND05038
DRES06028B371X-L,3,ND05042
DRES0712B881A-L,3,ND05042
TWOP0717B082W-XL,2,ND05042
QX0730-ONESIZE,3,ND05042
DRES0506B311A-S,1,ND05043
DRES0513B219G-M,1,ND05043
CW0091-12,62,NC02024
DRES0513B262K-S,1,ND05044
DRES0515B247G-L,3,ND05044
PW0009-6,5,ND05045
PW0006-4,31,ND05045
DRES0702B170J-S,1,ND05047
DRES1201A480D-XL,2,ND05048
DRESS0603B386A-S,2,ND05048
PW0009-10,4,ND05051
PW0006-8,24,ND05051
CRPY1097-S,3,ND05053
DRESS0610B446A-S,1,ND05053
HEAD1231A500B-ONESIZE,9,ND05054
JUMP0331B235A-L,1,ND05055
JUMP0409B252A-L,1,ND05055
JUMO0504B192K-XL,1,ND05055
CTGP0012-XL,1,ND05056
JUMP0417B041K-L,4,ND05057
PW0006-10,19,ND05057
PW0088-S,2,ND05058
CS110104-XL,58,ND05061
DRES0415B047E-XL,1,ND05061
DRES0424B104G-L,0,ND05062
JUMP0506B166G-M,35,ND05063
JUMP0507B333A-M,1,ND05063
CROP0616B487A-XL,2,ND05064
SWIM0601B366A-L,4,ND05066
JUMP0609B440X-M,2,ND05066
CNA2YV-S,1,ND05066
MSTS0408B112Z-L,73,ND05067
SWIM0701B762X-L,1,ND05067
CK0141-L,1,ND05067
SKIR0309B714K-ONESIZE,0,ND05068
SKIR1118A477E-M,70,NE02065
SKIR0323B747K-ONESIZE,3,ND05068
VEST0627B523A-XL,3,ND05068
CYA21K-L,1,ND05068
BLOU0407B021W-M,1,ND06011
COAT1103A001P-XL,58,ND06013
CRJJ0763-M,1,ND06014
CSXR0571-ONESIZE,4,ND06015
PW0078-6,5,NC03034
CTGP0018-S,1,ND06016
CSYP0725-S,3,ND06016
DRES0323B758K-L,1,ND06017
DRES0330B836K-XL,1,ND06018
CGA0HB-XL,2,ND06018
DRES0122B213A-L,1,NC03036
DRES0723B617C-ONESIZE,3,ND06022
DRES0609B367C-S,5,ND06023
DRES0612B468A-XL,18,ND06023
QA0245-ONESIZE,2,ND06023
CJ0754-L,1,ND06023
CGA13R-M,1,ND06023
DRES0413B102P-L,3,ND06025
DRES0706B949K-L,2,ND06026
PZ0077-ONESIZE,4,ND06026
DRES0427B147K-ONESIZE,5,ND06027
DRES0506B311A-XL,1,ND06028
DRES0511B248K-M,4,ND06028
CYAB43-ONESIZE,36,ND06032
DRES0518B350G-L,3,ND06033
DRES0520B364G-XL,1,ND06033
DRES0521B449K-L,2,ND06034
DRES0521B458K-L,1,ND06034
DRES0525B507K-L,2,ND06034
DRES0525B548K-S,1,ND06034
DRES0601B696K-M,1,ND06035
DRES0603B758K-M,1,ND06035
DRES0603B758K-XL,2,ND06036
DRES0607B430A-S,2,ND06037
DRES0615B479A-XL,1,ND06038
CJPC0097-ONESIZE,1,ND06042
DRES1113A191A-M,1,ND06042
QA0242-ONESIZE,3,ND06042
CX0659-XL,4,ND06042
JHWC4064-ONESIZE,11,ND06044
QA0240-ONESIZE,3,ND06044
JUMP0412B265A-L,1,ND06045
JUMP0415B043E-XXL,1,ND06045
CX0522-M,3,ND06045
JUMP0417B041K-XL,2,ND06046
CG0378-S,1,ND06046
CX0522-L,4,ND06046
CG1104-M,2,ND06046
DRES0803B096W-10,12,ND06048
COAT1113A202A-L,32,ND06051
SWEA0706B898X-ONESIZE,1,ND06053
JUMP0521B467K-S,3,ND06054
JUMP0521B363A-M,1,ND06054
SKIR0309B693E-M,1,ND06058
DRES0702B170J-L,1,ND06062
SKIR0428B063W-L,3,ND06064
SKIR0612B398C-ONESIZE,1,ND06065
CW0038-10,4,ND06065
CCPC0140-XL,1,ND06066
DRES0706B901X-L,37,ND06066
SKIR1020A106A-XL,1,ND06067
SWIM0508B317X-XL,1,ND06067
DRES0706B901X-S,29,ND06067
CW0051-6,9,ND06067
CXA016-L,2,ND06067
TSHI0316B844C-ONESIZE,1,ND06068
TSHI0327B816K-XL,1,ND06068
SWIM0601B367A-XL,10,ND06068
CW0087-6,9,ND06068
DRES0330B836K-L,1,ND07011
TSHI0504B135G-ONESIZE,3,ND07011
JUMP0607B419A-M,3,ND07011
CCWC4643-XL,20,ND07012
SHOR0511B228K-30,12,ND07012
JUMP0519B199Z-L,3,ND07012
CDZY4383-S,0,ND07013
JUMP0521B363A-S,2,ND07013
PK0270-L,1,ND07014
JUMP0427B144K-XL,1,ND07015
JUMP0607B419A-L,2,ND07015
DRES0506B309A-L,2,NC03053
DRES0508B224K-M,11,ND07017
DRES06028B354X-M,1,NC03057
CR040962-ONESIZE,8,ND07031
PA0474-M,1,ND07031
CG0908-S,16,ND07031
CXA1F6-L,3,ND07031
PW0137-M,2,ND07031
CTXF2037-L,1,ND07032
CW0007-6,1,ND07032
CW0033-6,4,ND07032
CGA148-L,1,ND07032
CGA148-XL,4,ND07032
DRES1015A077A-M,10,ND07034
CCZY4623-M,1,ND07035
JHWC4562-ONESIZE,31,ND07035
CR031626-L,4,ND07035
HOOD1110A362E-L,4,ND07035
JUMP1220A922K-M,1,ND07035
CG0908-M,3,ND07035
PW0114-8,1,ND07035
DRES0412B257A-L,4,ND07036
DRES0409B094P-ONESIZE,2,ND07036
BLOU0422B086K-S,1,ND07036
DRES0518B299G-XL,13,NC03057
BLOU0522B025R-ONESIZE,265,ND07051
BLOU0525B264C-M,1,ND07051
CJ0718-M,1,ND07051
SKIR0624B319K-L,9,NC03065
CJWC4608-L,2,ND07052
BLOU0610B738G-M,3,ND07052
CX0652-M,1,ND07052
BLOU0630B722A-ONESIZE,1,ND07053
CDWC4069-L,5,ND07054
BLOU1015A073E-L,1,ND07054
SKIR0729B114A-S,1,ND07054
MSTS0413B021E-XL,1,ND07055
DRES0715B381J-L,4,ND07055
CKSM0432-M,1,ND07057
CPZY2683-M,2,ND07057
CPZY2683-S,2,ND07058
CRJJ0728-M,1,ND07058
COAT0511B064W-ONESIZE,5,ND07058
AHZY2616-ONESIZE,5,NE01021
AHZY2615-ONESIZE,4,NE01021
CWA1EM-ONESIZE,11,NE01022
BLOU1120A512G-M,13,NE01023
DRES0712B881A-S,3,ND07015
CCPY0227-L,2,NE01024
CDXF2238-L,4,NE01025
CDXF2238-XL,6,NE01025
DRES0612B465A-M,3,NC04034
CDYY1469-ONESIZE,1,NE01026
CSZY4639-S,1,NC05013
CDZY4419-L,1,NE01027
SKIR0122B204A-S,80,NC05024
CDZY4429-L,1,NE01028
SKIR0624B316K-L,6,NC06063
COAT100814C021-M,1,NC07057
CIZY4413-S,1,NE01041
CKJJ0859-M,36,NE01041
CKJJ0859-S,67,NE01042
CKYY0256-M,2,NE01042
CKYY0256-S,1,NE01042
CKZY4830-XL,3,NE01043
CKYY0256-XS,1,NE01043
JUMP0513B211G-XL,1,ND01062
CKYY1128-ONESIZE,23,NE01061
BLOU0715B373J-M,1,NE01061
CA0080-L,1,NE01061
PANT0513B076X-ONESIZE,3,ND01063
CKYY1128-XL,16,NE01063
CA0009-L,1,NE01063
HOOD0109B045P-S,1,ND02034
BLOU0330B959C-M,1,NE01064
CA0820-XL,1,NE01064
CKZY4831-S,34,NE01065
TSHI0416B102P-S,29,ND03041
CSPC0058-ONESIZE,26,NE01066
CPZY2683-XS,2,NE01066
SKIR0605B070W-S,3,ND03061
CA0008-L,1,NE01068
CKYY1129-ONESIZE,15,NE02011
COAT1103A001P-S,83,NE02013
CC0486-ONESIZE,5,NE02013
CSPY0884-M,61,NE02016
TSHI1010A052C-XL,37,ND04026
CSPY0884-S,31,NE02017
JUMP0506B166G-L,20,NE07054
CSXZ0237-M,33,NE02017
CSXZ0237-L,5,NE02017
CSXZ0237-XL,37,NE02018
CKYY1131-ONESIZE,11,NE02021
CDXF2595-XXXL,1,ND04034
CTSY0818-ONESIZE,2,NE02025
CTGP0023-M,18,NE02025
CTGP0023-S,6,NE02025
CTGP0023P1-L,76,NE02025
CTXF1976-ONESIZE,24,NE02026
CTZY3070-ONESIZE,1,NE02027
CWA7N3-M,4,NE02028
CAAAPF-M,0,NE02028
DRES0513B220G-XXL,5,NE03044
CWGP0007-S,2,NE02033
CWGP0007-XL,1,NE02034
DRES0122B213A-S,8,NE02034
CWA7N3-L,3,NE02035
CWA9PH-S,29,NE02035
DRES0323B770K-M,1,NE02036
CFABXQ-M,1,NE02037
DRES0408B026W-L,1,NE02038
DRES0408B026W-S,1,NE02038
BAGS0504B149Z-ONESIZE,4,NE02038
BAGS0504B629B-ONESIZE,7,NE02038
CROP0104B108K-S,5,NE02042
CROP0616B487A-L,3,NE02042
CHAAVZ-XXL,1,NE02042
DRES0409B095P-ONESIZE,3,NE02043
DRES0508B224K-L,5,NE02045
DRES06028B355X-S,2,NE05044
DRES1027A136A-ONESIZE,1,NE02047
DRES1027A122A-M,3,NE02047
DRES1027A122A-L,16,NE02047
DRES1217A014P-L,4,NE02051
CAAA50-L,0,NE02052
DRES1217A014P-M,4,NE02053
CK0679-S,2,NE02053
JUMP0304B649E-L,18,NE02054
JUMP0304B649E-XL,2,NE02055
JUMP0326B013W-L,1,NE02056
JUMP0304B649E-S,5,NE02056
NECK1107A215H-ONESIZE,6,NE02057
SKIR0122B204A-L,112,NE02058
CDXF2596-M,4,ND05031
CDXF2596-XXL,1,ND05031
SKIR0409B031W-M,1,NE02062
SKIR0416B104P-ONESIZE,26,NE02062
SKIR0416B105P-ONESIZE,5,NE02063
SKIR0416B104P-XL,23,NE02063
SKIR0416B105P-XL,4,NE02063
SKIR0522B213Z-L,3,NE02063
DRES0715B522G-S,54,ND05016
CROP0610B440A-S,1,ND06015
SKIR0522B213Z-XS,5,NE02065
DRES0506B310A-L,22,ND06022
SW0102-ONESIZE,5,NE02066
BLOU0106B031P-M,74,ND07037
CDSY0259-M,123,NE01025
CA0585-XXL,1,NE02068
CA0691-ONESIZE,5,NE02068
CA0038-ONESIZE,4,NE03011
SWEA0209B088P-L,1,NE03013
DRES0521B448K-XL,1,NE03013
CK0434-XL,1,NE03013
CX0313-M,2,NE03013
CA0346-S,2,NE03013
PA0472-S,1,NE03013
DRES0518B299G-M,34,ND05044
PA0782-M,0,NE03014
SWEA0209B088P-M,1,NE03014
BLOU0715B377J-L,1,NE03014
CDZY4429-M,26,NE01028
SWEA0209B088P-S,1,NE03015
TSHI0114B051P-ONESIZE,3,NE03016
CDZY3233-ONESIZE,66,NE01027
SWEA0209B088P-XS,1,NE03016
TSHI0319B008W-ONESIZE,6,NE03017
TWOP0122B209A-S,3,NE03018
CKZY4831-M,31,NE01065
TWOP0426B300A-L,1,NE03021
VEST0522B068W-M,0,NE03022
VEST0522B068W-S,1,NE03022
TSHI0727B598K-L,3,NE03022
MSTS0408B112Z-XL,3,NE03023
DRES0607B415A-L,1,NE03023
MSTS0408B112Z-XXL,3,NE03024
BLOU0529B628K-ONESIZE,0,NE03025
COAT0323B002Z-S,1,NE03026
CAA0KM-L,1,NE03026
DRES0508B224K-XL,9,NE02046
PJ0384-ONESIZE,1,NE03027
CA0486-L,2,NE03027
DRES0612B468A-S,3,NE03028
DRES0630B469K-M,1,NE03028
BLOU0529B629K-ONESIZE,0,NE03031
BLOU0506B204K-XL,1,NE03031
BREA0323B010W-L,11,NE03032
CKZY4820-ONESIZE,195,NE01044
CPZY2683-XL,21,NE03034
CK0741-M,1,NE03034
CYA9NC-L,1,NE03035
DRES0330B934E-S,1,NE03038
DRES0720B278X-XXL,1,NE03038
DRES0330B937E-L,2,NE03041
CW0113-6,2,NE03014
DRES0513B219G-L,3,NE03043
DRES0513B219G-XXL,4,NE03043
DRES0513B220G-XL,2,NE03044
DRES0513B220G-M,3,NE03044
DRES0513B220G-L,2,NE03044
SKIR0122B204A-M,113,NE02058
CW0096-ONESIZE,72,NE03045
DRES0515B247G-XL,1,NE03045
DRES0515B269G-S,2,NE03045
CA0234-S,4,NE03045
DRES0518B303G-L,1,NE03046
DRES0609B442X-M,2,NE03046
DRES0615B481A-XL,1,NE03046
TWOP0611B461A-XL,1,NE03047
CA0009-XXXL,1,NE03047
DRES1027A122A-S,20,NE03048
DRES715B447J-M,2,NE03048
DRES715B447J-XL,1,NE03051
DRES715B448J-XXL,1,NE03051
DRES715B449J-L,1,NE03051
JBWC4216-ONESIZE,8,NE03052
JHWC4564-ONESIZE,6,NE03053
CG0253-S,17,NE03054
CG0786-L,5,NE03054
CAA15A-M,3,NE03054
CAA15A-L,2,NE03054
CAA15A-XL,3,NE03054
JUMP0417B040K-S,11,NE03055
DRES0720B478J-M,4,NE03055
CGPY0001-S,1,NE03056
HATS1113A176A-ONESIZE,6,NE03057
CA0607-ONESIZE,2,NE03057
SHOR0318B713K-M,1,NE03058
DRES0609B442X-S,1,NE03027
PANT0513B082X-ONESIZE,1,NE03058
PANT0513B074X-ONESIZE,1,NE03058
CIZY4394-M,2,NE05013
CG0253-M,29,NE03062
SWIM0601B365A-M,1,NE03063
SWIM0605B822K-M,1,NE03064
NXA3BA-ONESIZE,1,NE03065
JUMP0427B138K-M,1,NE03066
AGWC4193-ONESIZE,4,NE03068
BLOU0710B094K-XS,1,NE03068
CC0769-M,1,NE03068
CAA01C-L,10,NE04011
CAA01T-L,1,NE04011
CAA0FF-ONESIZE,3,NE04011
CAA01P-XL,4,NE04011
CZWC4105-ONESIZE,1,NE04012
DRES1015A076A-L,1,NE04012
COAT1020A107K-S,1,NE04012
DRES1220A914K-XXL,1,NE04013
ABZY0787-ONESIZE,2,NE04015
CTZY4048-S,1,NE04016
BLOU10409B247A-S,1,NE04016
CPZY2750-M,1,NE04018
DRES1217A014P-S,9,NE04021
SHOR0403B894K-S,1,NE04022
CK110107-M,1,NE04023
CAA1XE-S,3,NE04024
CDYY0802-S,1,NE04024
HATS1022A048H-ONESIZE,2,NE04025
CTGP0023P1-S,57,NE04025
CDWC4069-S,7,NE04026
TSHI100814C002-S,1,NE04026
DRES1120A505G-M,1,NE04026
CSZY4748-M,8,NE04027
SCAR1113A330B-ONESIZE,5,NE04027
DRES1021A115G-S,1,NE04028
BLOU0113B115G-M,1,NE04031
CSZY4372-S,10,NE04032
CTWC3746-ONESIZE,1,NE04032
TWOP0413B997K-M,1,NE04032
CCPY0858-M,1,NE04033
CK0805-L,2,NE05034
CCPY1073-S,1,NE04034
CCPY0935-S,1,NE04034
CCZY0670-M,1,NE04035
CCYY1335-ONESIZE,17,NE04035
CCPY1422-M,1,NE04035
CDDL0188-ONESIZE,3,NE04036
CD060396-L,1,NE04036
CDPY0606-L,1,NE04037
CDGP0027-ONESIZE,1,NE04037
CDWC3279-L,1,NE04038
CDWC4013-ONESIZE,1,NE04038
CDZY4192-S,1,NE04041
CDYY0973-ONESIZE,1,NE04041
CHPY0826-M,1,NE04043
CKDL3781-L,1,NE04045
CPXF2255-S,16,NE04047
CR040965-ONESIZE,1,NE04047
COAT1108A389K-XL,1,NE04047
CR040966-ONESIZE,1,NE04048
CROP0427B133G-M,1,NE04048
CSXF1536-S,1,NE04051
CSPY0597-S,1,NE04051
CRWC4533-S,1,NE04051
CSZY2499-ONESIZE,1,NE04052
CSZY4748-S,4,NE04053
DRES0727B600K-S,7,NE04053
JUMP0507B328A-XL,1,NE04054
SWIM0706B956K-M,1,NE04055
CWMX0003-S,1,NE04056
CWMX0003-L,1,NE04056
CVYY1144-ONESIZE,1,NE04056
QA0250-ONESIZE,8,NE04056
DRES0320B732K-S,1,NE04057
DRES0323B804G-M,1,NE04058
DRES0331B242A-ONESIZE,1,NE04058
DRES0401B870K-M,1,NE04061
DRES0410B960K-M,1,NE04061
DRES0410B963G-S,1,NE04061
DRES0426B302A-M,1,NE04062
DRES1223A923G-XXL,1,NE04063
SHOR0403B876K-S,1,NE04064
SWIM0316B767E-M,1,NE04065
TSHI1010A053C-S,4,NE04066
TWOP0331B226A-L,1,NE04066
VEST0313B755K-ONESIZE,1,NE04067
TWOP1217A015P-M,1,NE04067
VEST0424B103G-XL,1,NE04068
CTYP0801-ONESIZE,1,NE05035
BREA0408B023W-M,4,NE05011
DRES0407B020W-S,1,NE05011
BREA0408B023W-S,1,NE05012
JUMP0412B256A-S,21,NE05012
DRES0715B522G-L,35,NE05064
DRES0407B020W-M,1,NE05013
DRES0506B201K-M,96,NE05014
DRES0506B201K-L,4,NE05014
JUMP0412B256A-XL,24,NE05015
DRES06028B354X-L,4,NE05015
DRES0415B045E-L,4,NE06022
BREA0408B023W-L,2,NE05017
DRES0615B479A-L,1,NE05018
DRESS0603B386A-M,1,NE05021
JUMP0412B256A-L,26,NE05022
BLOU0106B031P-L,74,NE06068
HATS1103A165H-ONESIZE,4,NE05023
SKIR0726B068A-L,4,NE05023
CY0026-XL,3,NE05023
HOOD0104B655C-L,5,NE05024
CKYP0806-ONESIZE,2,NE05025
CW0013-8,15,NE05027
CA0680-ONESIZE,1,NE05027
BLOU0612B497X-ONESIZE,1,NE05028
CCWC4643-M,35,NE05031
CDZY4383-XS,6,NE05032
JUMP0607B419A-XL,3,NE07032
CKZY4831-XL,31,NE05033
DRES1113A200A-S,2,NE05033
CA0027-ONESIZE,3,NE05033
CC0674-M,1,NE05033
TSHI0114B050P-ONESIZE,55,NE03016
CTGP0023P1-M,24,NE05034
DRES0715B522G-M,50,ND05011
SKIR0323B041Z-L,28,ND05068
CWGP0007-XXL,1,NE05035
CA0705-S,2,NE05035
CAA01B-L,1,NE05036
CK0805-M,25,NE05037
CDSY0259-L,136,NE01024
DRES0428B051W-S,4,NE05038
DRES0429B162K-L,1,NE05041
CSPY0884-XL,68,NE02017
CTYP0027-ONESIZE,383,NE02031
SKIR1118A478E-L,245,NC05035
CDWC4069-XL,13,NE05043
CKYY1132-ONESIZE,3,NE05043
DRES0712B881A-M,4,NE05043
CA0234-L,2,NE05043
CAA1XE-XL,1,NE05043
SKIR0624B318K-M,11,NC06021
SHOR0610B441A-XL,4,NE05044
CC0716-ONESIZE,1,NE05044
DRES0607B429A-L,1,NE05045
DRES0607B425A-L,5,NE05045
DRES0615B056K-S,2,NE05046
DRES1113A190A-S,4,NE05047
DRESS0610B448A-M,1,NE05048
JUMP0409B250A-L,7,NE05053
JUMP0409B250A-XL,2,NE05054
CHSY0179-M,3,NE05056
CHSY0179-L,6,NE05056
DRES0429B163K-L,52,NE05056
DRES0429B163K-XL,17,NE05057
JUMP0429B180E-L,2,NE05057
JUMP0504B119G-L,4,NE05058
CAA1XF-L,4,NE05061
CA0080-XL,1,NE05062
CC0593-XL,9,NE05062
JUMP0607B419A-S,4,NE05063
CSZY4671-ONESIZE,232,NE02023
JUMP0627B543A-XL,1,NE05064
SKIR0122B204A-XL,120,NE02061
DRES0727B602K-S,1,NE05064
CK0490-M,5,NE05064
SHOR0518B346K-M,1,NE05065
SHOR0609B439X-L,1,NE05065
CW0087-4,15,NE05065
CW0087-8,9,NE05066
SKIR1118A478E-S,135,NE02068
CW0087-10,10,NE05067
SKIR1020A106A-M,2,NE05068
CW0038-4,5,NE05068
TSHI0328B819K-XL,1,NE06011
TSHI0421B114E-XL,14,NE06012
TWOP0423B283A-L,1,NE06012
CWA7N3-S,0,NA03044
JUMP0122B211A-L,2,ND02058
CRYP0880-M,1,NE06015
CW0038-6,4,NE06015
DRES0506B310A-XL,26,NE06016
PANT0513B063X-ONESIZE,1,NE06016
SKIR1118A477E-S,80,NE02067
CTZY3071-ONESIZE,4,NE06017
CROP0104B107K-S,2,NE06017
SKIR0527B586K-S,5,NE06021
SKIR0527B586K-L,5,NE06021
SKIR1118A478E-M,336,NE02066
DRES0415B045E-XL,3,NE06022
CAA3H1-L,3,NE06025
DRES0513B269K-L,4,NE06026
DRES0513B269K-XXL,4,NE06026
DRES0513B269K-XL,5,NE06026
JUMP0521B364A-L,4,NE06027
CROP0128B077P-S,4,NE06028
CROP0128B077P-M,1,NE06028
JUMP0423B281A-L,1,NE06032
CW0013-6,10,NE06033
SHOR0521B360A-XL,2,NE06034
CW0013-12,8,NE06034
CC024715-M,4,NE06035
DRES0717B081W-S,4,NE06035
BREA0323B010W-M,6,NE06036
HOOD1031A228E-XL,3,NE06037
CROP0128B079P-M,3,NE06038
CROP0128B079P-L,3,NE06038
SWIM0605B822K-L,2,NE06038
SKIR06028B364X-XL,3,NE06041
BLOU0518B363K-ONESIZE,6,NE06042
JUMP0409B251A-S,1,NE06043
BLOU0611B969K-XXXL,1,NE06043
SKIR0624B318K-L,15,NE06043
SWIM0601B367A-M,1,NE06044
CHZY4392-L,1,NE06045
CKZY4807-ONESIZE,1,NE06045
BLOU10426B304A-M,5,NE06045
CROP0422B272A-ONESIZE,3,NE06046
CY0113-ONESIZE,1,NE06046
PYA2A0-M,2,NE06046
CSZY0844-M,2,NE06047
CVXR0155-ONESIZE,1,NE06048
DQLZ0107-S,2,NE06048
DRES0318B757G-L,1,NE06048
CSXF2301-L,3,NE06052
DRES0511B246K-L,19,NE06052
DRES0612B468A-L,17,NE06053
CC0285-ONESIZE,1,NE06053
CTGP0020-M,6,NE06054
CTGP0019-M,7,NE06054
DRES715B447J-S,1,NE06055
DRES715B448J-L,1,NE06055
DRES715B448J-XL,5,NE06055
DRES0320B727K-XL,1,NE06057
JUMP0423B280A-L,15,NE06057
CGA0CX-M,1,NE06057
CWA351-S,0,NB02054
JUMP0603B464G-XL,1,NE06061
CVZY4031-M,3,NE06062
TWOP0429B161K-S,1,NE06063
DRES0330B836K-S,10,NE06064
CDDL3098-L,6,NE06065
TWOP0717B082W-M,5,NE06066
TWOP0717B082W-L,12,NE06066
DRES0320B727K-M,1,NE06067
TWOP0717B082W-S,19,NE06068
CAA0F5-XL,0,NE05064
COAT1113A202A-M,70,NE07011
DRES0323B759K-XL,4,NE07014
DRES0615B479A-S,1,NE07014
DRES0323B759K-L,6,NE07015
SWIM0605B822K-S,1,NE07016
CWGP0007-L,1,NE07018
HEAD1202A474C-ONESIZE,2,NE07018
SHOR0518B346K-XL,1,NE07018
CCA7CP-ONESIZE,11,NA04054
DRES0518B299G-S,63,NE05042
DRES0615B056K-L,6,NE07034
SWIM0508B313X-S,5,NE07035
SWIM0508B312X-M,2,NE07035
SWIM0508B312X-S,3,NE07037
PW0009-4,9,NE07051
DRES0407B020W-XS,31,NE07051
CRYP0880-S,1,NE07052
CA0819-S,8,NE07052
CKSM0006-ONESIZE,1,NE07053
DRES0506B201K-S,108,NE07054
SHOR0609B439X-S,1,NE07054
BCP0812-12,0,NA06068
JUMP0412B256A-M,4,ND07018
CCPC0140-M,2,NE07055
TSHI0504B136G-ONESIZE,5,NE07056
SWIM0601B370A-L,2,NE07057
CK0805-XL,28,NE07058
COAT1223A611C-S,3,NE07058
TSHI0504B134G-ONESIZE,5,NE07058
CMABGF-S,1,NA03023
CXAAMG-M,1,NA03068
CWA497-12,1,NB02022
JEAN0325B781K-M,1,NB03037
DRES0603B318C-M,1,ND02051
BLOU0525B263C-ONESIZE,1,NE05027
CA0472-S,1,NE03013
DRES0409B096P-ONESIZE,1,ND06024
CSZY4638-M,1,ND06042
